생활 속 드론 도입 주제 드 론 산업 국제 박람회 월일 일 전주 월드컵 경기장 개최 국토교 통부 전주시 드론 전문가 국내외 드론 기업 등 만 명 참여 국제 박람회 공동 주최 일 이번 행사 국토 환경 안전치안국방 등 다양 분야 활용 드론 산업 활성 국내외 전문가초빙 기술 동향 공유 드론 산업 발전 유도 마련 행사 드 론시연 국제 컨퍼런스 드론업계기관 전시 드론 축구 등 다양 행사 진행,IT/과학
누구 손쉽 연주법 전자 키보 드 로리 루미 크라우드 펀딩 사이트 킥스타터 공개 며칠만 목표액 천 조달 루 안드로이드 앱 연동 빛 색상 연주의 박자 음악 연주법 초보자 전문가 루미 피아노 연주 수 게임 수 로리 스마 트 키보드 루미 각종 음악 이론 음표 피아노 연주법 수 키 모자르트 소나타 피아노 수 정도 쓰임새 뛰어나,IT/과학
서울 박천규 환경부 차관 일 서울 강남구 인터컨티넨탈호텔 개최 제차 환경 부지속가능발전기업협의 회 환경부 제공 저작,정치
현 대로템 현대 템 개발 수소 전기열차 모델 트램 사진 수소 전기트램 조감,IT/과학
양차오빈 화웨 이 프로덕트 라인 사장 오픈랩 개소식 기념사 오픈랩 기반 서비스 준비 중 한국 중소기업 신생 벤 처 기업스타트업 기반 서비스 기술 테스트 수 환경 제공 기술 교육 기술 서비스 혁신 전시 프로모션 등 다양 서비스 제공 방침 한국화웨 이 제공 네덜란드 정부 장비 도입 통신 업체 주의 미국 등지 기피 대상 중국 화웨 이 규제 로이터통신 일 보도 네덜란드 법무 장관 이날 의회 서한 장비 안보 위협 조사 설립 특별 팀 이 같 결론 답 네덜란드 정보기관 올해 중국 러시아 스파이 가능 수차례 경고 관련 핵심 자문위 지난주 네덜란드 화웨이 배제 독일 영국 사례 권고 특별 팀 그동안 네덜란드 통신 업체 모바일 보다폰 지고 대상 위험 평가 결과 네덜란드 통신 업체 장비 보급 업체 높 기준 법무부,IT/과학
한국교통안 전공단 급 승진일자리 혁신실 한정헌 교통 안 전본부 교통 안 전 정책실 김상국 자동 차검 사 본부 검사 전략실 자동 차튜닝처 최수광 자동차안 전연구원 자율 주행실 자율 주행 연구처 신재곤 울산본부 조경 수급 승진 기획 본부 기획 조정실 전략 기획 박상호 교통 안 전본부 교통 안 전 정책실 박성 교통 안 전본부 철도 항공 안전실 항공안 전처 이강준 자동차안 전연구원 결함 조사실 정보 분석처 안호순 자동차안 전연구원 안전 기 준 국 제 센터 국제 협력 팀 이현우 대전충남본부 안전 사업처 김종갑 인천본 부 안전 관리처 이범 열 울산본 부 안전 관리처 조정 성남검사소 서동승 용인검 사 소 황태준 포항 검사소 이것 국 전주검사소 이선종 전보 감사실 감사 처장 이효열 기획 본부 기획 조정실장 양정훈 기획 본부 기획 조정실 예산 처장 김강표 기획 본부 기획 조정실 성과 평가 처장 신재 기획 본부 정보 전략 실장 조경수 경영 지원 본부장 장 재 필 경영 지원 본부 운영 지원 처장 장찬옥 교통 안 전본부 교통 안전 연구 개발원 교통 안전 교육 처장 이문영 교통 안 전본부 교통 안전 연구개발원 자격 관리 처장 전정 수 교통 안 전본부 교통 안전 연구 개발원 교통물류 정책 처장 박성권 교통 안 전본부 철도 안전실장 송병호 교통 안 전본부 철도 안전실 철도 기술 처장 유연춘 교통 안 전본부 철도 안전실 철도 검사 처장 김성하 교통 안 전본부 항공 안전실장 종 교통 안 전본부 항공 안전실 항공 시험 처장 최경임 자동차검 사 본부 검사 전략실 자동 차튜닝처장 오태석 자동차검 사 본부 검사 전략실 특수 검사 처장 황태준 상주 교통 안전 체험 교육 센터장 최수광 상주 교통 안전 체험 교육 센터 교육 운영 처장 김양숙 화 성 교통 안전 체험 교육 센터장 김영수 자동차안 전연구원 연구 개발실 부품 연구 처장 이현우 자동차안 전연구원 자율 주행 실장 신재곤 자동차안 전연구원 자율 주행실 자율 주행 연구 처 장 김성섭 자동차안 전연구원 안전 기 준 국 제 센 터장 박용성 자동차안 전연구원 안전 기 준 국 제 센터 국 제 협력 팀장 김형구 서울본부 안전 관리 처장 정 규돈 대전충남본부장 송인길 대전충남본부 안 전 사업 처장 박선영 대구경북본 부 안 전 사업 처장 김원호 부산본 부장 유 창 재 부산본 부 안전 관리 처장 허민우 광주전남본부 안 전 사업 처장 양상호 경기 북부본부장 이 중재 강원본부장 김창덕 충북본부장 송봉근 충북본부 안전 관리 처장 김종갑 경남본부장 김승일 울산본 부장 조정 울산본 부 안전 관리 처장 이 재 안양 검사 소 장 조 원 용인 검사 소장 정 영 달 포 항 검사 소장 전홍 영 주 검사 소장 주재환 주례 검사 소장 이것 국 서인천 검사소장 강신철 청주 검사 소 장 장,IT/과학
일제 잔재 우리 철도 역사 발굴 작년 철도 날 월 일 월 일 고속 철도 강국 위상 걸맞 철도 날 평가 오늘 철도 날 계기 어제 오늘 우리 철도 년 세계 번 고속 철도 개통 데 우 리 자체 기술 첨단 고속열차 산천 개발 일본 년 경인철 인수 조합 결성 모 스 경인선 철도 부설 것 이 일본 자본 기술력 년 뒤 경 인선 철도 개통 년 전 년 월 일 철도 날 기념 것 여기 우리나라 최초 철도 완공 날 축하 의미 철도 날 의미 철도 날 것 우리 일본 일제 치하 년 경인선 개통 기념 월 일 철도 기념일 선포 것 이날 철도 종사자 신사 참배 이것 철도 날 시작 일제 건설 철도 우리나라 물자 수탈 중국러시아 등 전쟁 병력 대량 수단 코레일 당시 대한매일신 보 내용 기사 철도 지역 땅 없 기력 사람 없 열 집 아홉 집 천리 길 닭 돼지 멸종 시절 일제 수탈 가혹 수 대목 철도 부설 땅 헐값 주민 철도 건설 강제 동원 철도 건설 목재 조달 탓 산림 크 훼손 이 철도 날 문제 제기 철도 날 주장 시작 우선순위 거론 것 월 일 이날 년 갑오 개 혁 추진 현재 국토 교 통부 유사 기능 공무 아문 산하 철도국 처음 날 당시 김홍집 중심 개화파 의정부 산하 중앙 부처 개 아문 설치 근대 개혁 갑오개혁 추진 조선왕조 록 중 종 록 제권 철도국 역할 도로 측량 철도 가설 대처 등 일 기록 철도 업계 우리 민족 철도 중요 인식 물류 교통망 구축 자주 노력 실천 대목 평가 이 년 월 명 국회의원 우리나라 최초 철도 기관 철도국 창설일월 일 철도 날 일제 잔재 청산 민족 자주 회복 내용 결의안 발의 발의안 계기 이듬 월 국무 회의 심의 의결 월 일 철도 지정 프랑스 독일 일본 스페인 세계 번 년 고속 철도 개통 산천 등 첨단 고속열차 자체 개발 우리나라 철도 위상 고려 철도 날 지정 의미 깊 목소리 철도 업 안팎 강갑,IT/과학
박근혜 정부때 자회사 문제 많 서울역 앞 집회 측 추산 천 철도 노동자 참석 일 오후 서울역 앞 광장 철도 노조 전국 집 중 총력결의 대회 철도 노조 등 조합원 철도 공공 강화 통합 촉구 구호 철도 노동자 일 서울역 개 회사 고속 철도 통합 이날 철도 날 대륙 철도 시대 공공 강화 철도 하나 국민운동 본부 이날 오후 시 서울역 앞 광장 국민대회 고속 철도 통합 공공 강화 결의 집회 측 추산 여명 철도 노동자 관계자 참여 이 철도 공공 강화 문재 인정부 추진 약속 임기 년 철도 개혁 추진 김현미 국토 부장관 철도 공공 강화 철도 산업 구조 개혁 평가 용역 발주 용역 강제 중단 용역 실태 평가 박근혜정권 철도 분 민영 정책 뼈대 계획 지금 셈 비판 철도 나 운동 본부 요금 인하 안전 강화 등 시민 편의 정부 약속 와 통합 진행 국토부 장관 면담 용역 재개 요구 말 고속 철도 분할 조짐 때 년 월 이명 박정부 당시 민영 추진 계획 발표 부 철도 민영 반대 여 민영 실패 박근혜정 부 년 수서 고속 철도 자회사 이중 운행 시작 늘 고속 철도 자회사 민영 것 공영 담보 수 없 것 코레일 한국산업은 행 중소 기 업은행 대주주 운영 주식회사 이 수익 담보 철도 운행 무리 인력 감축 공공 위배 일 발생 것 철도 노동자 주장 이 철도 분할 분별 인력 감축 강릉 선사고 등 현장 안전관리 역량 부족 사고 발생 시 책임 소재 고속도로 운행 노선 공공 약화 전주남원 비운 영 요금 평등 문제점 지적 이날 행사 조상수 철도 노조 위원장 철도 운영 통합 안전 강화 이용자중심 철도 건설 중복 비용 수 철도 노동자 안전 국민 생명 연내 통합 것 요구 주장 편 년 전 오늘 철도국 국내 최초 날 년 전 철도 날 일본 지정 월일 지난해 원래 날짜 월 일 변경,IT/과학
도로 교통 공단 협업 캠페인 추진 음주 운전 예방 유공사 시상식 오비맥주 건전 음주 문화 조성 정부 이달 음주 운전 단속 기준 강화 인식 전환 필요 공감대 형성 음주 운전 예방 캠페인 기업 핵심 비전 낫 세상 실천 의지 일 업계 오비맥주 년 도로 교통 공단 업무 협약 교통 안전 증진 캠페인 진행 오비맥주 도로 교통 공단 음주 운전 예방 단속 공 경찰 표창 시상식 마련 올해 번 시상식 경찰관 관계자 표창 시상금 전달 서울 강남운전면 허시험장 운전면허 신규 취득자 대상 음주 운전 서약 책임음주 실천 의지 계기 마련 음주 운전 사고 발생 현황 예방법 인식 전환 오비맥주 책임 음주 문화 전파 다양 캠페인 진행 중 대중 친숙 연극 청소년 음주 예방 메시지 공연 수험 음주 예방 운동 오비맥주 관계자 주류 업계 선도 기업 경각심 책임 음주 문화 정착 수 노력 말,IT/과학
온라인게임 제작 협업 서구 시장 공략 박차 국내 최대 게임사 넥슨 만 달러 억 원 스웨덴 게임사 엠 바크 스 튜디오 지분 추가 취득 일 이 넥슨 엠바크 지분 보유 자회사 편입 지난해 월 넥슨 엠바크 전략 투자 바 스웨덴 스톡홀 름 기반 엠바크 기술 바탕 쌍방향 게임 콘텐츠 가상 온라인 세계 구축 등 새롭 유형 온라인 게임 개발 설립 회사 패트릭 쇠더룬드 엠바크 최고 경영자 월 넥슨 사내이사 엠바크 글로벌 지식 재산 개발 경험 바탕 차세대 온라인 세계 대표 만 멀티플레이게임 개발 중 이번 투자 넥슨 엠 바크 스튜디오 개발 역량 넥슨 라 이브 게임 운영 노하우 접목 혁신 차세대 온라인게 협업 예정 오 마 호 니 넥슨 대표 엠바크 짧 시간 나 놀랍 성과 넥슨 이사회 합류 쇠 더 룬 드 자사 비전 추진 데 필수 역할 양사 각각 전문 공유 온라인 게임 서비스 역량 극대 서구 시장 공략 박차 것 패트릭 쇠더룬드 엠바크 대표 초 넥슨 이사회 합류 이후 수백만 명 사용자 대상 년 이상 성공 게임 서비스 지속 중 넥슨 노하우 깊 인상 회사 새롭 관점 기술력 기반 혁신 방식 게임 개발 서비스 제공 것 확신,IT/과학
스위스 제네바 개최 국제 전 기 신연 합 국제회의 국내 양 자암호 통신 기술 국제 표준 채택 유플러스 월일 일 스위스 제네바 개최 국제 전기 통신엽합 전기 통신 표준화부문 스터디그룹 국제회의 암호 통신 네트워크 프레임워크 권고안 건 국제 표준 예비 승인 월일 나 양자암호 통신 분야 세계 최초 채택 표준 이후 회원국 간 회람 반대 의견 없 경우 최종 채택 전망 이번 표준 한국 학 기 술 연구원 한국전자통 신연구원 등 제안 개발 시작 이후 국내 개 기관 세계 여개 회원사 주도 표준 활동 참여 결과다 이번 승인 표준 양 자 암 호 통신 네트워크 구성 필요 계층 모델 기능 구성 요소 등 정의 논란 여지 많 양 자암호 통신 분야 사업자 제조사 관점 영역 고려 새롭 표준 기준 중요 의미 설명 양사 이번 표준 개발 특허 부분 확인 기술 독점 해결 양 자 암 호 통신 분야 국제 표준화 주도 기존 외산 장비 업체 통신사 서비스 위주 전환 시장 주도 수 양 자 암 호 통신 시장 국내 업체 해외 진출 가능 것 전망 기대 향후 양 자암호 통신 기술 표준 이번 프레 임워크 바탕 진행 세부 구조 키관리 망 관리 제어 컨트롤 과제 년 월 표준 완성 예정 양자암 호 통신 관리 제어 분야 에디터 표준 주도 진행 이번 승인 표준 규정 양 자 암 호 통신 네트워크 구성 기술 바탕 양자 암 호 서비스 안정 공급 품질 운용 관리 규정 신규 표준 개발 예정 한편 텔레콤 이번 회의 국제 표준화 작업 진행 중 양자암 호 통신 네트워크 프레임워 크 양 자암호 통신 네트워크 기존 통신 네트워크 간 연결 시 암호 키 요청 전달 신뢰 측면 고려 사항 양자암 호 통신 장비 기동 시 자동 운영 관련 내용 등 표준 반영 기술 관련 내용 통과 지난해 월 회의 제안 채택 양자키 분배 양자 난수발 기 관련 개 신규 과제 월 회의 국제 표준 채택 양자암 호 통신 양자 특성 이용 암호 기술 송신부 수신부 해독 수 도청 가능 암호키 생성 양자키분배 기술 핵심 이번 회의 참석 표준 성과 최준균 카이 스 트 교수 앞 등장 인공 지능 기반 지능 사이버 사회 안전 신뢰 수 사이버 생태 수 우리나라 양자암 호 기술 기반 표준 주도 중요 쾌거 수 융합 기술원장 전홍범 부사장 이번 양자암 호 통신 네트워크 기술 세계 최초 표준 승인 국내 기술 국제 표준 반영 추진 향후 미래 기술 하나 새롭 보안 플랫폼인 양 자 암 호 통신 네트워크 기술 발전 노력 예정 말 박송철 개발 그룹장 사업자 산업 연구 기관 협업 양자 정보 통신 새롭 네트워크 모델 제시 선도 지속 고객 좋 서비스 제공 상생 생태 확보 노력,IT/과학
이해찬 국회 방 북 단 구성 제안 도널드 트럼프 미국 대통령 김정 북한 국무 위원장 판문점 회담 계기 북미 대화 물꼬 핵 논의 급물살 여권 군불 때기 본격 일 여권 대북 인도 지원 금강산 관광 개성 공단 재개 등 국회 대표단 방북 남북 간 대화 재개 이 정부 민 간 교류 확대 요구 봇물 어렵 조성 남북미 간 평화 무드 속 향후 대화 단절 최소 장치 남북 정부 민 간 교류 기회 확대 취지 여당 일부 야당 남북 교류 확대 미국 대북제재 완화 선행 신중 거세 대북 인도 지원 문제 유엔 미국 태도 변화 없 대북 제재 위반 사항 점 다 문재 대통령 최측근 김경수 경남도지 사 이날 경남도 월례 전략 회의 한반도 평화 프로세스 시작 것 같 한반도 평화 시대 대비 남북 교류 협력 사업 본격 준비 강조 한반도 평화 경제 경남 남북 교류 협력 사업 본격 준비 착수 한반도 평화 시대 실 대비 당부 이 해 민주당 대표 이날 오전 문 희 국회 의장 주재 여야 당 대표 오 간담회 국회 차원 방북단 구성 공개 제안 대표 여야 개 정당 한반도 핵 항구 평화 구축 힘 염원 국회 차원 방북단 구성 남북 국회 회담 한반도 핵 대북 인도 지원 금강산 관광 개성 공단 재개 등 남북 현안 논의 기회 좋 주장 정동영 민주평화당 이정미 정의당 대표 등 여 정당 적극 찬성 대표 주장 화답 정동영 대표 천만 주권자 대표 국회 년 기여 것 생각 부끄럽 짝 없 민주당 이날 판문점 회담 계기 평화 전진 현수막 당내 특위 후속 활동 검토 가운데 김대중 대통령 남 김홍걸 씨 상임 의장 대북 민간 교류 단체 민족 해 협력 국민협의회민 협 이날 성명 하노이 회담 결렬 후 만남 남북 정부 간 교류 협력 재개 남북 민간 간 교류 이르 시일 나 강조 구체 일제하 강제 동원 피해자 진상 규명 평양토론회 월 금강산 공동 행사 실무 회담 희망 기대,IT/과학
고동진 삼성전자 모바일 부문장 사장 중저 스마트 폰 갤럭시 글로벌 세대년대 중반년대 초반 출생 소비자 주목 고동진 사장 일 삼성전자 글로벌 뉴스룸 기고문 스마트 폰 갤럭시 세대 커뮤니케이션 방법 라이브 시대 주도 제품 세대 개 소셜 플랫폼 그 일상 공유 말 삼성전자 중저 제품군 갤럭시 갤럭시 시리즈 통합 갤럭시 시리즈 개편 과거 갤럭시 갤럭시노 트 시리즈 적용 최신 기술 갤럭 시 시리즈 탑재 기술 트렌드 실속 소비 세대 정확 겨냥 것 사장 새롭 세대 채팅 영상 콘텐츠 공유 스 마트폰 구매 사용자 가 소셜 미디어 채널 사용 채팅 인스턴트 메시지 이용 비디오 공유 사용 강조 사장 사진 대표 셀피 시대 비디오 중심 라이브 시대 전환기 진단 사장 라이브 비디오 소비 년 성장 전체 모바일 트래픽 차지 것 예상 사장 갤럭시 시리즈 라이브 시대 최적 스마 트폰 강조 사장 삼성 세대 에너지 창의 영감 다양 사양 가격 출시 이 최적 기기 선택 수 제품 것 말,IT/과학
안병용 시장 용현배 수지 상수도 공급 시설 점검 일 발생 의정부시 일부 지역 단수 정상 경기 의 정부시 유입관 밸브 고장 발생 용현배수구 역 단수 사고 관련 일 오후 기준 대부분 지역 정상 상수도 공급 중 시 지난달 일 오후 시 분 용현신곡민락동 일 상수도 공급 용현배수 지 유입관 밸브 고장 만 세대 물 공급 같 날 오후 시 분 수리 완료 오후 시 분 물 공급 재개 일부 지역 일 단수 불편 시 수압 경우 침전물 등 붉 수돗물 발생 우려 수압 공급 재개 시간 설명 안병용 시장 이날 오전 사고 현장 방문 피해 주민 위로 직원 최소 노력 당부 시 관계자 단수 지역 분 이상 물 사용 물 사용 것 안내 정재훈 네이버 홈 뉴스,IT/과학
비알콜 지방 간염 치료제 물질 유한양행 조원 대 신약 기술 글로벌 제약사 수출 유한양행 비알콜 지방 간염 치료제 융합단백 글로벌 제약사 베링거인겔하임 기술 수출 계약 체결 일 공시 유한양행 번 신약 기술 수출 바이오 신 약 기술 수출 기술 수출 금액 억 원 억 달러 규모 유한양행 중 제넥신 지급 예정 반환 의무 없 계약금 만 달러 중 만 달러 비임 독성 실험 이후 수령 예정 이번 기술 수출 계약 유한양행 베링거인겔하임 내장 생성 호르몬 과 등 가지 결합 효과 알콜 지방 간염 혁신 신약 공동 개발 후보물질 유한양행 년 국내 바이오 벤처 제넥신 도입 체내 지속 바이 오신 약 기술 활용 개발 중 유한 양행 신약 물질 연말 미국 식품 의약국 임상 시험 계획 제출 계획 이번 기술 수출 계약 임상 시험 등 포함 구체 계획 베링거인겔하임 결정 것 이번 계약 대상 지역 한국 제외 세계 계약 기간 계약일 국가 특허 권리 만료 시점 국가 최초판매일 년 국가 허가 기관 부여 독점 기간 만료 시점 중 나중 도래 시점 한편 유한양행 이번 기술 수출 포함 년 동안 건 기술 수출 계약 성사 지난해 월 스파인바이오파마 퇴행 디스크 질환 신약 후보물질 이전 데 같 해 월 얀 센 바이오 텍 조원 규모 소 세포 폐암 신약 후보물질 수출 바 초 길리어드 사 이 언 스 신약 후보물질 이전 기획 풀뿌리상 네이 버 채널 구독,IT/과학
가천대 한마음 원정대 지난달 일 일 박 일간 독도울릉도 탐방 원정 실시 일 이번 원 정 가천 대 개교 주 년 울릉도 독도 방문 우리나라 생태 체험 애국심 학생회 교수 직원 등 명 참가 원정대 일 대학 실내 체육관 집결 발대식 일 새벽 묵호항 여객터미널 이동 울릉도행 배 울릉도 도착 원정대 울릉초등학 교 방문 벽화 봉사 실습 구강 관리 자세 교정 등 자신 전공 재능 봉사 활동 울릉초등학 교 울릉 경비대 방문 구급 선크림 스킨워시 텀블러 등 물품 전달 원정대 일 독도 방문 생태 탐방 접안 지역 부유물 청소 등 환경 정화 활동 독 도 경비대 원정대 준비 의료 물품 전달 일 학교 원정대 의미 조별 영상 제작 상영회 박상용 가천대 학생 복지 처장 학생 애국심 고취 우리나라 역사 생태 이해도 기획 앞 올바르 생각 바탕 우리 사회 기여 수 인재 양성 다양 프로그램 추진 김미희 네이버 홈 뉴스,IT/과학
백군기 용인 시장 최근 네이 버 데이터센터 건립 무산 관련 어린아이 영향 곳 네 이버 측 협상 말 네이 버 데이터 센터 유치 시사 백 시장 일 인구 삼 가동 용인어린 이상상 숲 취임 간담회 용인시 곳 물색 이 말 백 시장 네이버 데이터센터 건립 위치 문제 민원인 전자파 유해 문제 네 이버 측 해 대립 과학 검증 수 없 주민 신뢰 인근 학교 부담 어린아이 영향 어떻 시민 질문 답 어려움 당시 고충 토로 그 이 버 데이터 건립 취소 결정 용인시 마지막 중재 역할 아쉽 말 네 이버 년 월 용인시 기흥구 공세동 춘천 데이터센터 각 번 규모 데이터센터 건립 추진 최근 인근 주민 센터 운영 필요 특고압 전기 공급 시설 전자파 발생 등 건강 위협 수 이유 반대 계속 무산 김미희 네이버 홈 뉴스,IT/과학
인구 증가 고령 영향 수요 급증 대량 생산 제품 다양화 성장 촉진 아태 점유 년 전망 경쟁력 치료제 개발 다양 시장 요인 분석고려 글로벌 제약바이오 업계 빠르 성장 전망 재생 의료 시장 주목 재생 의료 시장 기술 발전 대량 생산 가능 환경 다양 제품 출시 성장 촉진 것 전망 재생 의료 손상 인체 조직 장기 세포 등 정상 기능 발휘 수 복원 의료 기술 재생 의료 치료제 시장 줄기 세포 치료제 조직 공학 치료제 유전자 치료 구성 영국 시장 조사 업체 전게인 재생 의료 치료제 시장 전망 보고서 글로벌 재생 의료 치료제 시장 규모 년 억 달러 조원 연평균 성장 년 억 달러 조 원 이 전망 재생 의료 산업 각국 정부 투자 개발 증가 인구 증가 고령 속 만성 질환 부담 가중 재생 의료 치료 수요 증가 성장 가속 것 전망 아시아 지역 치료제 상업 데 속도 제조 기술 발달 대량 제조 가능 환경 점 시장 성장 요인 여기 유럽 통합 특허 제도 와 년 시행 일본 재생 의료법 같 규제 프레임워크 개선 글로벌 재생 의료 시장 성장 견인 것 것 전문가 분석 재생 의료 치료제 중 성장 면 주목 분야 줄기 세포 치료 유전자 치료제 비전게 보고서 년 억 달러 시장 점유 줄기 세포 치료제 시장 년 억 달러 시장점유 규모 성장 것 분석 유전자 치료 시장 년 억 달러 규모 연평균 성장 년 억 달러 배 정도 시장 규모 전망 시장 점유 성장 것 관측 유전자 치료 경우 다양 치료 제 시장 진출 노 바 티 스 킴리아 길리어드사 이언스 예스카타 같 카 티 치료제 등 대표 유전자 치료 중 분의 암 치료 개발 유전자 치료 파킨슨병 알츠하이머 치료 특화 첨단 치료법 주목 점 아시아 시장 점유 빠르 확대 것 년 기준 재생 의료 치료제 시장 북미 로 크 비중 차지 년 후 북미 글로벌 재생 의료 치료제 시장 높 점유 것 전망 빠르 성장 전망 곳 아시아다 지역 시장 점유 년 억 달러 년 억 달러 급성장 것 예상 년 후 유럽 시장 규모 수준 것 분석 년 유럽 점유 로 전망 인하대 재생 의료 전략 연구소 아시아 대륙 성장 이 것 전망 국가 단위 재생 의료 치료 지원 의지 기초 연구 빠르 상업 피부 환자 다수 보유 점 국가 부 축적 상태 재생 의료 치료제 의료 관광 활성 등 근거 재생 의료 전략 연구소 글로벌 재생 의료 시장 동향 보고서 글로벌 시장 아시아태평양 시장 북미 유럽 비교 작 크 성장 성장 년 후 유럽 규모 중요 증가 것 분석 경쟁력 재생 의료 치료제 개발 초기 단계 임상 유용 급여 비용 판매 가격 등 다양 시장 요인 철저 분석 려 시사 기획 풀뿌리상 네이 버 채널 구독,IT/과학
연구 개발비 증액 법인 설립 신약 에도 투자 내수 시장 중심 공략 글로벌 시장 확대 전략 조정 유한양행 신약 후보물질 베링거인겔하임 기술 수출 이정희 유한양행 대표 투자 혁신 신약 개발 기술 수출 예산 증액 선순환 구조 구축 신약 개발 해외 기술 수출 중심 이정희 대표 사장 기존 내수 공략 집중 유한양행 체질 신약 개발 글로벌 시장 공략 구조 결실 평가 실제 지난해 유한양행 레이저티닙 수출 조원 대 기술 수출 성과 전 회사 업계 평가 안정 매출 위 제약사 정도 년 사장 로 선임 이후 유한양행 신약 개발 공격 투자 전개 기업 돌변 제약 업계 관계자 년 전문 경영인 체제 운영 유한양행 들 임기 동안 안정 경영 역점 것 사실 사장 로 선임 이후 연구비 증액 미국 법인 신설 신약 개발 등 투자 기술 수출 시대 주도 평가 회사 년 억 원 년 억 원 년 억 원 투자 가량 지난해 증가 억 원 투자 올해 지난해 억 원 이상 투자 계획 오픈이노베이션 기술 투자 행보 눈 국내외 바 이오벤처 공격 투자 세계 시장 승부 혁신 신약 전략 회사 년 이 오니 아 억 원 코스온억원 제 넥신억원 억 원 등 년 이뮨 온시아억 원 파멥신억 원 소 렌 토 달러 네오이뮨테크만 달러 제노스코만 달러 등 공격 투자 진행 이 같 투자 대 기술 수출 지난해 월 회사 소세포 폐암 신약 후보물질 레이저티닙 얀센바이오 억만 달러 조억 원 기술 수출 공동 개발 계약 체결 레이저티닙 회사 국내 바이오기업 오스코텍 미국 자회사 제노스코 억 원 계약금 도입 신약 후보 물질 이 지난해 월 미국 스파인바이오파마 퇴행 성디스크질환 약 물질 억 만달 러 억 원 규모 기술 수출 물질 년 국내 바이오 기업 엔 솔바이오 사이언스 기술 이전 공동 개발 것 올해 개발 초기 단계 비알코올 지방 간염 신약 후보물질 미국 길리어드 사 이 언 스 억 만달러 억 원 기술 수출 이번 이름 후보물질 베링거인겔하 임 조억원억만 달러 규모 계약 체결 유한양행 가 레이저티닙 크 잠재력 것 오세웅 유한양행 중 앙 연구 소 부소장 레이저티닙 패스트팔로 어선 진 제품 기술 빠르 신약 타입 퍼스트 인 클래스아 출시 제품 기술 없 최초 혁신 신약 타입 잠재력 크 세계 최대 의약품 시장 미국 승부 만 물질 강조 이외 유한양행 미국 소렌토 합작 만 뮨온시아 면역 항암제 개발 중 유한양행 지분 투자 네오이뮨테크 제넥신 미국 파 트 너사 면역 항암제 개발 중 제약바이오 업계 이정희 호 향후 글로벌 시장 겨냥 행보 지 주목 사장 임기 년 월 기획 풀뿌리상 네이 버 채널 구독,IT/과학
동두천시 정재훈 네이버 홈 뉴스,IT/과학
반도체 디스플레이 업계 관계자 일 오후 정승 일 산업 통상 자원부 차관 주재 긴급 대책 회의 정부 서울 청 사 회의실 이동,IT/과학
대구 동 남권 통합 공항 대구 시민 추진단이하 추진단 일 오후 세종정부청 사 국토 교 통부 방문 김해신공항 총리실 검토 규탄 중단 것 요구 추진단 이번 국토부 방문 김현미 국토 교통 부장관 부산울산경남 광역 자치 단체장 일 김해 공항 적정 총리실 논의 합의 절 묵과 수 없 대구경북 반발 차원 추진단 국토부 관계자 대구경북 의견 고려 일방 김해신공항 검토 발표 전면 중단 요구 대구경북 시도민 분노 마음 이 국토부 김해신공 항 차질 추진 국토부 입장 없 총리실 논의 갈등 조정 차원 것 입장 추진단 결국 국토부 입장 부산울산경남 희망 김해신공 항 확장 안 백지 다음 가 덕 공항 추진 대구경북 우려 상당 부분 희석 전망 권영진 대구 시장 이날 들 가덕 공항 대구경북 수 없 영남권 공항 수 없 것 대구경북 동의 국책 사업김 해 공항 것 대 가능 부울 경 이 추진 저 발등 행위 것 경고 권 시장 지난달 윤종진 경북도 행정 부지사 국무총리실 방문 김해신공 항 검증 하 유감 뜻 검증 문제 파장 우려 대구경북 요구 사항 건의문 전달 김해신공항 건설 정치 수단 악용 일부 지역 검증 주장 수용 수 없 만약 재검증 결과 김해신공항 입지 변경 무산 것 결론 용납,IT/과학
반도체 디스플레이 업계 관계자 일 오후 정승 일 산업 통상 자원부 차관 주재 긴급 대책 회의 정부 서울 청 사 회의실 이동,IT/과학
반도체 디스플레이 업계 관계자 일 오후 정승 일 산업 통상 자원부 차관 주재 긴급 대책 회의 정부 서울 청 사 회의실 이동,IT/과학
,IT/과학
합참 일 중 부전선 무장 지대 이날 오후 시경 레이더 포착 상항 떼 확인,IT/과학
반도체 디스플레이 업계 관계자 일 오후 정승 일 산업 통상 자원부 차관 주재 긴급 대책 회의 정부 서울 청 사 회의실 이동,IT/과학
반도체 디스플레이 업계 관계자 일 오후 정승 일 산업 통상 자원부 차관 주재 긴급 대책 회의 정부 서울 청 사 회의실 이동,IT/과학
서울 일본 정부 반도체 유기 발광다이오드 소재 한국 수출 규제 발표 가운데 일 오후 수출 상황 점검회의 서울 종로구 한국무역보 험 공사 대회의실 성윤모 산업 통상 자원부장관 모두 발언 저작,정치
반도체 디스플레이 업계 관계자 일 오후 정승 일 산업 통상 자원부 차관 주재 긴급 대책 회의 정부 서울 청 사 회의실 이동,IT/과학
반도체 디스플레이 업계 관계자 일 오후 정승 일 산업 통상 자원부 차관 주재 긴급 대책 회의 정부 서울 청 사 회의실 이동,IT/과학
아스파이어 에이서 데일리북 아스파 이어 출시 아스파이어 세대 라이젠 프로세서 탑재 인치 제품 세대 라이제 탑재 노트북 중 스펙 대비 합리 출시가만 원 책정 월 일 번가 이베이지마켓 옥션 진행 예약 판매 이벤트 만원 할인 만 원 제품 구매 수 아스파이어 얇 두께 슬림베젤로 디스플레이 크기 최대 라데온 베 그래픽카드 탑재 사진 동 영상 편집 게임 가능 플루이드 모션 기술 내장 그래픽카드 역동 화면 제공 레 드 블루 블랙 등 가지 색상 선택 폭 최대 추가 가능 램최대 업그레이드 가능 탑재 빠르 실행 속도 지원 멀티태스킹 가능 아스파이어 은 인텔 와 이 파이 무선네트워크 기본 지원 뿐 블루투스 과 기가비트 이더넷 제공 기술 적용 회의 과제 등 진행 때 주변 사람 손쉽 화면 공유 수 최대 시간 지속 가능 배터리 탑재 스테레오 스피커 입체 사운드 제공 에 이 서 블루 라 이트 쉴드 기술 탑재 장시간 사용 눈 피로감 에이 관계자 아스파이어 핵심 만 원 대라 파격 가격 사용 성능 노트북 구매 수 점 일 진행 예약 판매 이벤트 기간 만원 대 구매 가능 때문 노트북 구매 소비자 아스파이어 좋 선택지 것 말,IT/과학
로지텍 슬림 무선 콤 보 로지텍 코리아지 사장 윤재영 저소음무선 키 보드 마우스 세트 로지텍 슬림 무선 콤보 로지텍 슬림 무선 콤보 모던 슬림 디자인 특징 문서 작업 시 발생 타이핑 마우스 소리 최소 소음 키 보 드 마우스 구성 로지텍 슬림 무선 콤보 키 포함 키 풀사이즈 레이아웃 공간 효율 편안 제공 로지텍 슬림 무선 콤보 노트북 키보드 사용 펜터그래프 스위치 탑재 노트북 키보드 사용 부드럽 타이핑 수 소음 마우 스 대칭 디자인 양손 편안 사용 가능 클릭감 클릭 시 발생 소음 지텍 슬림 무선 콤 보 플러그 앤 플레이 수신기 미 터 범위 무선 연결 지원 사용 시 자동 슬립 모드 기능 작동 최대 개월 마 우 스 개월 배터리 수명 자랑 지텍 슬림 무선 콤 보 퓨어 화이트 시크 블랙 가지 색 구성 윤재영 로지텍 코리아 지사장 로지텍 슬림 무선 콤 보 데스크 공간 모던 슬림 디자인 부드럽 편안 키감 사용자 주변 사람 배려 소음 기능 대표 오피스 아이템 말,IT/과학
시정 질의서 답변 법원 이전 이견 안병 경기 의정부 시장 일 법무타운 고산 공공 주택 지 구 조성 사업 진행 년 말 완료 계획 것 파악 시장 이날 시 의회 오범구 의원 시정 질문 법무타운 기획 재정부 추진 중 전제 뒤 이 답변 의정부지검 의정부지법 채널,IT/과학
아보카 상대 소송 킹닷컴 승소 이 미지 투데 법원 원고 게임물 과일 야채 콩 태양 등 형상 기본 캐릭터 중심 농장 일체감 표현 게임 점 기존 존재 게임물 구별 특징 킹닷컴 게임 창작 개성 저작물 보호 대상 판단 게임물 원고 게임물 동일 순서 게임 규칙 등 단계 도입 원고 게임물 제작 의도 시나리오 기술 구현 주요 구성 요소 선택 배열 조합 사용 결국 피고 게임물 원고 게임물 캐릭터 느낌 포 레 스 트매니아 저작 침해 인정 법원 게임물 창작 판단 때 게임물 구성 요소 각각 창작 구성 요소 제작 의도 시나리오 기술 구현 과정 선택 배열 조합 전체 게임물 자체 게임물 구별 창작 개성 저작물 보호 정도 여부 고려 기준 최초 제시 판결 설명 향후 게임물 저작 침해금지 사건 주요 판단 기준 작용 것 게임업 게임물 개발 관행 실무 많 영향 것 예상,IT/과학
넥슨대 표 이정헌 모바일 신작 카운터사이 드 티저사이트 개설 일 카운터사이 현실 세계 노말사이드 반대편 세계 카운터사이드 전투 어반 판타지 캐릭터 수집 분기 공개 시범 테스트 진행 예정 넥슨 티 저 사이트 침식 이면세계 워치 카운터 등 세계관 개 키워드 중요 게임 정보 암시 시간 티 영상 카운터사이드 공식 유튜브 채널 개설 유 미 데 주시윤 등 주인공 이야기 게임 플레이 스토리 영상 공개,IT/과학
서울 일본 정부 반도체 유기 발광다이오드 소재 한국 수출 규제 발표 가운데 일 오후 수출 상황 점검회의 서울 종로구 한국무역보 험 공사 대회의실 성윤모 산업 통상 자원부장관 굳 얼굴 관련 업계 대표 인사 저작,정치
서울 수출 상황 점검회의 일 오후 서울 종로구 한국무역보 험 공사 대회의실 성윤모 산업 통상 자원부장관 모두 발언 저작,정치
서울 일본 정부 반도체 유기 발광다이오드 소재 한국 수출 규제 발표 가운데 일 오후 수출 상황 점검회의 서울 종로구 한국무역보 험 공사 대회의실 성윤모 산업 통상 자원부장관 모두 발언 저작,정치
서울 일본 정부 반도체 유기 발광다이오드 소재 한국 수출 규제 발표 가운데 일 오후 수출 상황 점검회의 서울 종로구 한국무역보 험 공사 대회의실 성윤모 산업 통상 자원부장관 모두 발언 저작,정치
창원 일 경남도청 도정회의실 김경수 도지사 월간 전략 회의 주재 경남도 제공 저작,IT/과학
우정사업 본부 전 국 우 정 노동조합이하 우정 노조 노사 합의 조정 기간 일 연장 우정사업 본부 우정 노조 일 중앙 노동 위 원회 저 차 조정 회의 노사 간 합의 조정 기간 일 연장 결정 차 조정 회의 일 오전 시분 진행 우정사업 본부 조정 기간 연장 관련 노사 협상 원활 타결 국민 여러분 심려 노조 협상 진행 타결 수 노력 말 국민 여러분 불편 없 차질 없 우정 서비스 제공 최선 한편 우정 노조 측 조정 기간 합의 경우 일 총파업 돌입 예고 집배원 총파업 년 노조 출범 이후 처음,IT/과학
,IT/과학
서울 강태웅 서울시 행정부 시장 일 오후 서울 중구 세종 서울시청 시민 청 태평홀 제회 서울시 성평 등상 시상식 인사말 저작,정치
세종 학교 급식 조리원 돌봄전 담사 등 전국 학교 정규 직 노동자 임금 인상 처우 개선 등 요구 일 사흘간 총파업 예고 가운데 박백범 교육부 차관 전국 시도 교육청 부교육감 일 오후 정부 세종 청사 대응 방안 모색 회의 저작,정치
창원 일 오후 경남도청 소회의실 자동차 부품 연구원 허남용경남도 제공 저작,정치
국민 농협은행 대응책 마련 듯 지방 재정 지디 넷코리아 정리 은행 업 지자체 금고 선정 기준 석탄 선언 친환경 에너지 실천 등 포함 것 지나치 정치 입장 은행 관계자 낫 금융 서비스 제공 중요 구체 기준 금고 선정 점 이해 힘들 말 은행 관계자 은행 수익 강화 그룹 투자 은행 부문 확대 발전소 프로젝트 파이낸싱 등 이유 금고 선정 이익 것 말 지적,IT/과학
하반기 출시 유력 참가자 전원 카카오 톡 이모티콘 제공 넷 마블 그림퀴즈게임 캐치마인드 사전 등록 일 시작 넷 마블 특정 제 시 어 그림 사용자 모바일 그림 퀴 즈게임 캐치마인드 사전 등록 일 시작 출시 일정 하반기 유력 캐치마 드 년 출시 회원 만명 넷 마블 장수 온라인 게임 캐치마인드 모바일 해석 게임 게임 위치 기반 기술 접목 사용자 위치 중심 논 플레이어 캐릭터 사용자 그림퀴즈 퀴즈 주변 친구 퀴즈 등 플레이 수 특정 다수 사용자 문제 모두 퀴즈방 최대 명 사용자 동시 퀴즈 수 프리미엄 퀴즈방 등 사용자 성향 다양 실시간 멀티 모드 마련 양 추천 그림 확인 공유 댓글 수 소 셜 홈 등 소셜 콘텐츠 추가 넷 마블 일 출시 전 진행 사전 등록 이벤트 참가자 전원 모바일 메신저 카카오톡 사용 수 이모티콘 지급 자신 사전 등록 링크 카카오톡 친구 공유 인원수 고급 아이템 캐릭터 증정 계획 이정호 넷 마블 본부장 년 출시 후 숱하 언어 유희 탄생 그림 퀴 즈 본연 재미 게임 모드 소셜 콘텐츠 사용자 색다르 재미 선사 수 것 기대 출시 전 진행 사전 등록 참여 기 이모티콘 게임 아이템 혜택 말,IT/과학
서울 박상기 법무부 장관 일 오후 서울 동대문구 법무부 서울준법지원센터 보호 관찰 제도 주년 기념 행사 기념사 저작,정치
세종 학교 급식 조리원 돌봄전 담사 등 전국 학교 정규 직 노동자 임금 인상 처우 개선 등 요구 일 사흘간 총파업 예고 가운데 박백범 교육부 차관 전국 시도 교육청 부교육감 일 오후 정부 세종 청사 대응 방안 모색 회의 저작,정치
민주주의 원칙 상식 조치 선언문 합의 정신 위배 일본 한국 대상 반도 체디 스 플레이 소재 수출 규제 성윤모 산업 통상 자원부 장관 일 오후 서울 중구 한국무역보 험공사 수출 상황점 검회의 발언,IT/과학
서울 박상기 앞 왼쪽 번 법무부 장관 박지원 법제 사법 위원회 국회의원 참석자 일 오후 서울 동대문구 법무부 서울준법지원센터 보호 관찰 제도 주년 기념 행사 국민 의례 저작,정치
노트 모델 만 원 모델 만 원 인하 폭 모델 만 원 모델 만 원 삼성전자 노트 월 출시 공식 추정 사진 유출 서울갤럭시 노트프 로 갤럭시노트 렌더링 이미지 삼성전자 갤럭시노트 출시 달 전작 갤럭시노트 출고가 만원 하 일 이동 통신 업계 텔레콤 유플러스 갤럭시노트 기가바이트 모델 출고가 종전 만 원 만원 갤럭시노트 모델 종전 만 원 만원 이번 가격 인하 폭 모델 만 원 모델 만 원 통상 출고 새롭 스마 트폰 출시 기존 스마트폰 재고 물량 소진 텔레콤 월 일 가격 인하 유플러스 이날 가격 판매 삼성전자 지난달 일 삼성전자 인베스터스 포럼 갤럭시노트 월 출시 공식 예고 그동안 갤럭시노 트 시리즈 통상 월 공개 후 월 말 월 초 출시 갤럭시노트 출시일 인터넷 상 실물 추정 사진 영상 지난달 모바일 제품 정보 유출 유명 스티브 헤 머 스토 퍼 는 트위터 계정 온리크스 갤럭시노트 프 로 갤럭시노트 렌더링 이미지 공개 이미지 갤럭시노트 프로 비행 시간 거리 측정 카메라 포함 쿼드개 카메라 갤럭시노트 트 리 플 카메라 장착 전망 갤럭시 적용 인피니티 디스플레이 모델 적용 사용자 풀 스크린 경험 제공 것 렌더링 이미지 중앙 상단 카메라 홀 제외 전면 디스플레이 모습 확인 수 삼성전자 갤럭시노트 갤럭시노 트프로 모델 종 종 것 예상 갤럭시노 트 시리즈 화면 크기 일반 모델 인치 프로 모델 인치 것 예상 모델 최근 스마트폰 트렌드 헤드폰 잭 빅스비 버튼 없 것 전망 디스플레이 초음 파식 지문 스캐너 내장 것 배터리 용량 일반 모델 프로 모델 용량 내장 것 와트 급속 충전 기능 적용 수 관측 프로세서 퀄컴 스 냅 드 래곤 삼성전자 엑시노스 탑재 것 전망 최대 램 적용 것 예상 펜 기능 정보 관측 지난해 출시 갤럭시노트 펜 블루투 스 기능 적용 펜 사진 촬영 동영상 시청 수 활용 점 크 변화 이종민 삼성전자 무선 사업부 상무 삼성전자 인베스터스 포럼 펜 크 폭 변화 것,IT/과학
김서준 해시드 대표 김종협 아 이콘 루프 대표 차명훈 코 인원 대표 등 업계 전문가 강사진 비즈니스 노하우 수 포 스텍블록체 최 고경영자과정 개최 포항공 대 학교정보 통신대 학원 월 일 서울 대치 동 위치 포스코센터 포스텍블록체 최 고경영자과정 기 개최 일 포스텍정보통신대 학 원 주최 주관 과정 월 일 월 일 주간 진행 포스텍 운영 최고 경영자과정 중 유일 서울 포항공 대 학교정보 통신대 학원 월 일 서울 대치 동 위치 포스코센터 포스텍블록체 최 고경영자과정 기 개최 과정 기획 홍원기 포스 텍 교수 기업 최고 경영자 임직원 블록체 산업 트렌드 비즈니스 이해도 블록 체인 활용 미래 사업 기회 것 말 과정 수료 포 스텍 총장 명의 수료증 포스텍 총동창 회 준회원 자격 부여 이번 과정 블록 체인 철학 기반 기술 등 이론 내용 투자 생태 블록체 스타트업 창업초기기업 내용 실무 응용 수 구성 취지 블록체 비즈니스 데 이 마련 학생 비즈니스 모델 발전 수 기회 마련 강사 홍원기 교수 김서준 해시드 대표 김종협 아 이콘 루프 대표 차명훈 코 인원 대표 박수용 블랙크래퍼 터스 대표 등 참여 지원 월 일 최종 선발 월 일,IT/과학
여름 성수기 시즌 성급 호텔 리조트 할인 이벤트 서울 글로벌 여가 플랫폼 기업 야놀자 여름 휴가 철 레 저 숙박 부문 특가전 진행 일 야 일 롯데월드 아쿠아리움 만원 판매 이벤트 진행 정오 선착순 명 해 입장권 정상가만 원 대비 할인 만 원 판매 준비 수량 매진 주중 주말 입장권 이상 할인 만원 만 원 롯데월드 아쿠아리움 입장 이달 일 사용 수 구명 조끼 실내외 락커 이용권 포함 오션월드 종일 입장 정오 개 한정 정상가만 원 대비 할인 만 원 비수량 시 극성 수기월 일 월 일 이용 가능 입장 권구명조끼 이용권 제외 정가 대비 할인 만 원 극성 수기 이용 제한 입장 할인 만 원 판매 사용 기한 월 일 성급 호텔 리조트 여름 성수기 만 원대 이용 수 특가전도 야 일 히 든 클 리 프 호텔네이쳐 최대 할인 가격 일 일 인 조식 뷔페 리버파크 입장권 등 포함 그랜드 워커힐 서울 숙박 최대 할인 판매 일 라이브 퀴즈쇼 잼라 이 브 야놀자워 특집 방송 기념 오후 시 숙박 같 가격 번 일 일 강릉 세인트존 스 호텔 숙박 최대 할인 가격 수 김혜정 야놀 자 브랜드마케팅실장 본격 무더위 시작 실내 레 저시설 워 터파 크 호텔 리조 트 등 고객 야놀자 준비 레저 숙박 특가 상품 여름 성수기 시즌 부담 여가 수 말,IT/과학
시민 의견 배제 일방 결정 충 검증 모니터링 필요 죽 산보 해체 반대 건의안 채택 전남 나주시 의회 불 민주당 소속 의원 전원 죽 산보 해체 반대 일 나주시 의 회 이재남 의원 대표 발의 영산강 죽 산보 해체 반대 건의안 지난달 일 제회 차 본회의 채택 시의회 전체 의원 명 가운데 민주당 소속 명 전원 소속 명 등 명 공동 발의 서명 동참 의원 민 중 당 소속 명 소속 명 시의원 건의안 영산강 주인 나주시민 영산강 물 나주 농업 생명수 나주시 의 회 시민 의견 배제 일방 즉각 죽 산보 해체 방안 검토 요구 이 죽산보 주변 농토 농업 용수 공급 중요 역할 뿐 침체 지역 상권 관광 자원 활용 황포 돛배 물길 오토 캠핑장 조성지 농업인 영산강 수변 지역 지역 상인 생존 직결 문제 강조 수천억 원 투자 사업 년 만 모니터링 당장 폐기 것 상식 납득 수 없 뿐 합리 정부 재정 운영 수 없 죽 산보 수면 높낮이 조절 수 가동보 설계 때문 시간 검토 문제 없 생각 이 죽 산 보 모니터링 검증 필요 조건 해체 우려 지역민 목소리 적극 반영 촉구,IT/과학
문재 대통령 지난달 일 일본 오사카 정상 회의 환영식 아베 신조 일본 총리 왼쪽 초간 악수 뒤 이동 외교부 당국자 한국 경제 주력 산업 반도체 관련 조치 만큼 영향 것 관계 부처 기업 대응책 마련 중 말 정부 당국자 익명 전제 한 일 양국 경제 만큼 전면전 한국 기업 타격 일본 좋 것 없 말 일본 정부 조치 핵심 반도체 제조 필요 품목 가지 품목 일 일본 정부 당국 승인 절차 한국 수출 수 규제 것 승인 절차 계약 일 소요 사실 금수 조치 것 업계 안팎 평가 삼성전자 하이닉스 등 한국 반도체 기업 직격탄이 발표 직후 한국거 래소 삼성전자 주가 오전 시 기준 만 원 전일 대비 하락 일본 이 같 조치 지난해 대법원 판결 개월 만 일본 정부 관계자 통화 그간 한 일 청구 협정 외교 협의 중재 위원회 구성 등 한국 정부 수차례 제의 한국 정부 일관 일본 기업 보호 이상 좌시 수 없 기조 하 조치 설명 지난해 대법원 판결 이후 강제 징 피해자 미쓰비시 중공업 신일 철주금 등 일본 기업 하급심 승소 판결 지난달 일 서울고법 민사 부 설 범 식 부장 판사 명 강제 징용 피해자 유가족 미쓰비시 중공업 상대 손해 배상 청구 소송 항소심 인 만 원 배상 판결 일본 정부 관계자 흐름 계속 일본 기업 한국 나 자산 현금 상황 발생 수 일본 대응 조치 수 없 주장 한국 정부 지난달 일 한 일 양국 기업 자발 출연금 재원 조성 피해자 위자료 지급 방안 제안 일본 정부 거부,IT/과학
넷 마블 자체 장수 캐치마인드 모바일 재해석 위치 기반 기술 접목 게임 모드 소셜 콘텐츠 실시간 모드 사전 예약자 전원 이모티콘 즉시 지급 서울 넷 마블 개념 모바일 위치 기반 그림 퀴 즈게임 캐치마인드 국내 정식 출시 일 사전 예약 시작 사전 예약 공식 사전 예약 사이트 정식 출시 전 진행 정확 출시 일정 추후 공개 캐치마 드 년 출시 회원 수 만 명 등 많 사랑 넷 마블 장수 온라인 게임 캐치마인드 모바일 해석 게임 게임 양파쿵 샐러리쿵야 등 야채 의인 캐릭터 등장 캐치마인드 이용자 특정 제시 어 그림 이용자 남녀 노소 누구 쉽 수 기본 재미 위치 기반 기술 접목 것 특징 이용자 위치 중심 퀴즈 발굴 이용자 그림퀴즈 퀴즈 주변 친구 퀴즈 등 다양 추천 그림 확인 공유 댓글참 가능 소 홈 등 게임 내 소셜 콘텐츠 이외 특정 다수 이용자 문제 출제 모두 퀴즈방 최대 명 이용자 동시 퀴즈 수 프리미엄 퀴즈방 등 이용자 성향 다양 실시간 멀티 모드 가능 이정호 넷 마블 본부장 년 출시 후 숱하 언어 유희 탄생 그림 퀴 즈 본연 재미 게임 모드 소셜 콘텐츠 이용자 색다르 재미 선사 수 것 기대 출시 전 진행 사전 예약 참여 기 이모티콘 게임 아이템 혜택 사전 예약 이벤트 참여 이용자 전원 이모티콘 지급 자신 사전 예약 링크 친구 공유 시 공유 인원 수 게임 출시 후 캐치마 드 고급 아이템 캐릭터 증정 한편 넷 마 블 월 캐치마인드 공식 커뮤니티 쿵야 오픈 이말 년 캐치마 드 등 다양 게임 관련 콘텐츠 이용자 소통,IT/과학
일본 한국 대상 반도 체디 스 플레이 소재 수출 규제 일본 반도 체디 스 플레이 핵심 소재 대 한국 수출 규제 강화 소식 일 국내 소재 업체 강세 이날 동진쎄미 거래일 만천 원 거래 후성 동반 상승 가운데 동진쎄미 반도 체용 감광액 식각액 등 공급 기업 후성 반도체 디스플레이 식각 공정 사용 소재 불산 제조 판매 업체 국내 대표 반도체 제조 기업 하이닉스 미국 화웨 이 제재 완화 수혜 기대감 등 강세 삼성전자 하락 마감 김양재 투자 증권 연구원 일본 수출 규제 반도체 제조사 향후 국내산 소재 비중 국내 소재 업체 반사 이익 것 예상 국내 반도 체디 스 플레이 제조사 단기 생산 차질 수 중장 기 과잉 재고 소진 가격 협상력 확보 수혜 것 전망 김동원 증권 연구원 이번 일본 수출 규제 조치 지금 해외 의존도 높 국내 정보 기술 산업 소재 국산 가속 계기 것 예상 김현수 하나 금융 투자 연구원 일본 입장 반도체 공정 소재 한국 수출 대만 이외 수요처 확보 힘들 상황 일본 수출 규제 강화 어디 한국 협상 카드 마련 조치 전면 수출 금지 것 진단 일본 경제 산업 일 대 한국 수출 관리 규정 개정 반도체 등 제조 과정 필요 플 루오린 폴 리이미드 리 지스트 고순 불화수소에칭가스 등 개 품목 수출 규제 강화 이날 오전 발표 가운데 플루오린 폴 리 이 미 드 리지스 트 세계 생산량 고순 불화 수소 약 일본 점유 향후 이 품목 한국 수출 때 일본 정부 개별 허가 절차 일본 정부 외국환 외국무역 관리법외환법 우대 대상 화이트백색 국가 리스 트 한국 제외 방안 검토 중 것 경우 집적회로 등 일본 국가 안보 관련 제품 수출 때 건 일본 정부 승인 이 관련 우리 정부 이날 오전 홍남기 부총리 주재 성윤모 산업 통상 자원부 장관 등 관계 부처 장관 참석 가운데 녹실 회의 대응 방향 논의,IT/과학
서울 일 오후 서울 세종로 정부 서울 청 사 유엔여성기 구 아사 레그너왼쪽 부총재 비네타 디옵 아프 리카연합 여성 평화 안보 특사 진선미 여성 가족부 장관 면담 전 이야기 저작,정치
차 산업 혁명 추진 주요 지표,IT/과학
일 서울 종로구 스퀘 어 모델 다양 가상현실 콘텐츠 월 정액 수 슈퍼 소개 최근 도 웨어러블 카메라 출시 도 영상 실시간 공유 서비스 가 이번 화질 가상현실 기기 여편 특화 콘텐츠 월 정액 서비스 통신 사업자 카메라 기기 등 하드웨어 판매 것 동안 통신사 네트워크 인프라 구축 투자 돈 소비자 지불 월 요금 제한 이 부 수익 유튜브 넷플 릭스 등 같 콘텐츠 플랫폼 사업자 올해 세대 통신 상용 용량 도 영상 등 실감 미디어 콘텐츠 주목 전환기 실감 미디어 수 하드웨어 콘텐츠 제공 것 기존 네트워크 공급자 역할 실감 미디어 생태 주도 플랫폼 사업자 포부 다 시장 조사 업체 디지캐피털 세계 실감미디어 시장 년 조억 원 조 억 원 급증 전망 중 국내 시장 같 기간 억 원 조 억 원 배 성장 예상 제공 고화질 실감 미디어 서비스 슈퍼 출시 일 슈퍼 요금 월 원 시청 기기 필요 때문 기기 개월 이용권 만 원 판매 개월 월 원 중국 제조사 피코 이전 모델 화소 인치당 픽셀수 높 지원 감상 가능 것 설명 슈퍼 게임 영화 스포츠 다큐 등 여편 콘텐츠 게임 종 최신 영화 편 등 콘텐츠 추가 시청자 선택 줄거리 다양 결 멀티엔딩 도 독 상품 콘텐츠 경쟁력 계획 실감 미디어 시장 페이스북 마이크로소프트 글 등 글로벌 기업 치열 경쟁 대부분 콘텐츠 독점 제공 시장 확대 수준 더디 게임 중심 점 한계 김훈배 뉴 미디어사업 단장 상무 플랫폼 폐쇄 콘텐츠 파편 시장 성장 더디 때문 개발자 수급자 저변 확대 어려움 설명 개방 생태 지향 오픈 플랫폼 승부 누구 쉽 자신 콘텐츠 슈퍼 수 구성 시청 건수 시간 등 콘텐츠 제공자 수익 분배 네이버카테코리 아이돌 한국 관 광공 사관광 명소 스마 게이트게임 등 다양 기업 콘텐츠 제공 중소 개발자 김 상무 장기 목표 글로벌 시장 지금 다양 해외 사업자 협의 국내 시장 기반 후 해외 확장 것,IT/과학
수출 상황 점 검회의 발언 성윤모 장관 성윤모 산업 통상 자원부 장관 일 오후 서울 중구 한국무역보 험공사 수출 상황점 검회의 발언,IT/과학
한 국 인터넷진 흥원연 합뉴스 채널,IT/과학
진교영 한국반도체산업 협회장 대신 참석 세원 삼성전자 부사장 일 오후 서울 중구 한국무역보 험공사 수출 상황 점검회의 물,정치
중소기업 해외 수출 지원 업무 협약 체결 공영 홈 쇼핑 아리랑국제 방송 국내 우수 중소기업 해외 진출 공영 홈 쇼핑 아리랑국제 방 송이하 아리랑 일 아리랑 층 접견실 국내 우수 중소기업 제품 홍보 광고 판로 지원 골자 업무 협약 체결 이날 양사 우수 기술력 제품 보유 해외 진출 어려움 중소기업 협력 데 뜻 협약 온라인 매체 활용 중소 기업 소상 공 제품 홍보 프로그램 제작 제작 프로그램 아리랑 글로벌 네트워크 적극 활용 상품 홍보 해외 수출 지원 계획 해외 직구 유도 방안 판매 시스템 구축 검토 계획 이 기관 주요 사업 관련 네트워크 구축 양측 노하우 교류 최창희 공영 홈 쇼핑 대표 아리랑 글로벌 네트워크 해외 진출 모색 중소기업 새롭 기회 것 이번 협약 계기 양사 힘 국내 우수 중소기업 해외 수 최선 말,IT/과학
사업 계획 승 때 상이 정 행정 사무 감사 질 타 충북 충주시 년 코아루 테라 스 입주자 모집 공고 승인 당시 내용 결과 재산 손실 유발 입주 예정자 반발 비판 제기 충주시 의회 산업 건설 위원회 일 행정 사무 감사 결과 보고서 주택 건설 사업 계획 내용 입주자 모집 공고 승인 충주시 행정 신뢰 시정 주문 지난달 일 테라스 임시 사용 승인 반발 충주시 청 농성 입주 예정자 채널,IT/과학
제주도 의 회 도가 제출 추가 경정 예산안 심의 시작 제주 특 별 자치도의회 전경 채널,IT/과학
대구권영진 대구 시장 대구 권영진 대구 시장 최근 일부 언론 통합 공항 정상 추진 가 덕 공항 대구 시장 반대 취지 기사 보도 것 관련 무근 주장 권 시장 일 오전 예정 실 대구 시장 경북도지사 상호 교환 근무 당시 이철우 지사 대구 통합 신 공항 가덕 공항 수용 수 뉘앙스 질의 소개 그때 저 오거 돈 부산시 장 전국 시도 지사협의회 자신 민간 투자 가덕 공항 추진 말 지사 그렇 막 수 얘기 것 와전 것 생각 답 김해신공 항 검증 동남 공항 백지 가덕도 공항 추진 음모 것 저 수차례 개 시도 지사 합의 국책 사업 것 얘기 강조 그 제 애기 부산 가덕 공항 수용 것 기사 부울 경 이 이용 민주당 인사 간담회 대구 시장 경북지사 가 덕 공항 빌미 비난 주민 소환 필요 지적 권 대구 시장 가덕 공항 대구경북 수 없 영남권 공항 수 없 것 대구경북 동의 국책 사업 것 대 가능 부울 경 이 추진 저 발등 행위 것 경고 권 시장 재선 임기 이후 선 도전 대선 출마가능 질문 대 구 시장 순간 저 운명 저 것 대구 시민 것 다음 선택지 대구 시민 재선 무렵 시민 선 소명 대선 명령 명령 것 말 그 안동 깡촌 서울시 정무 부시장 국회의원 대구 시장 재선 벼슬자리 만큼 생각 벼슬 자리 이상 의미 없 어디 어떻 것 충실 스스로 다짐 강조,IT/과학
인사 청문회 도입 정책 발굴 등 성과 행정 감사 무산 회견 유병국 충남도 의 장 유병국 충남도 의 회 의장 년 동안 역대 의회 견제 감시 역할 자평 유 의장 이날 대 의회 개원 주년 기념 도의회 브리핑 룸 회견 도민 대변자 도정 발전 노력 이 말 유 의장 의회 처음 공공 기관장 인사 청문회 제도 도입 정책 발굴 집행부 제시 예산 삭감액 역대 의회 많 대 의회 년 차례 임시회 개 안건 심의의결 개 조례 제개정 지난해 행정 사무 감사 도민 생활 밀접 건 문제 지적 재정 건전 확보 행정 낭비 제거 기여 설명 정책 지원 전문 인력 확충 예산 분석 팀 예산 조사 팀 신설 계룡세계군 문화 엑 스포특별 위원회 등 개 도정 현안 특위 구성 등 성과 아쉽 점 시군 반발 행정 사무 감사 무산 점 유 의장 기초 자치 단체 위임 도 사무 원칙 행정 사무 감사 필요 입장 없 앞 혁신도시법 개정 등 정책 실현 집행부 노력 약속,IT/과학
아이덴티티 게임즈 감마니아 모바일 월드 오브 드래곤네스트 대만 홍콩 마카오 지역 퍼블 리 싱 계약 체결 하반기 계획 일 월드 오브 드래곤네스트 캐릭터 여종 스킬 조합 색다르 전투 경험 수 원작 강점 논타 기팅 액션 기반 컨트롤 재미 수 게임 원작 그 곤네스트 세계관 세계 탄생 새롭 모험 이야기 스토리 뿌리 최근 트렌드 부합 유니크 그래픽 스타일 강점 중 하나 다 드래곤네스트 중화 지역 인기 높 년 감마니아 대만 론칭 당시 최고 동시 접속자 만 명 회원 만 명 이상 보유 드래곤네스트 드래곤네스트 대만 홍콩 마카오 무료 게임 위 매출 위 차지 바 이번 흥행 기대감 높 아이덴티티 게임즈 구오하이빈 대표 감마니아 대만 지역 노하우 드래곤네스트 높 관심 대만 이용자 서비스 준비 만전 말 아이덴티티 게임즈 넥슨 타일랜드 동남아 개 지역 퍼블 리 싱 계약 체결 이번 계약 감마니 다수 한국 모바일 온라인 게임 서비스 대만 최고 게임 기업 생활경,IT/과학
철새 수달 등 습지 것 시간 연장 반대 경기도 안산시 생태 보고 시화호 갈대 습지 개방 시간 연장 추진 환경 단체 전문가 생태 고려 탁상 행정 반발 시화호 갈대 습지 서식 수달 가족 채널,IT/과학
,IT/과학
수상작 실제 게임 개발 진행 예정 컴투스 국내 유일 게임 스토리 공모전 개최 컴투스 컴투스 글로벌 게임 문학 접수 일 시작 일 올해 회 째 이번 공모전 다음 달 일 원천 스 토 리 게임 시나리오 개 부문 접수 게임 시나리오 부문 올해 신설 원천 스토리 부문 게임 코믹스 애니메이션 등 콘텐츠 제작 가능 창작 스토리 공모 게임 시나리오 최근 인기 트렌드 스토리 기반 인터랙티브 게임 제작 가능 창작 시나리오 부문 개 부문 최종 대상 수상자 명 만 원 상금 수여 응모 부문 우 수상 명 우수상 명 선정 만 원 만 원 상금 제공 올해 공모전 수상 작 기반 실제 게임 개발 기회 제공 수상자 인턴십 프로그램 참가 기회 제공 입사 지원시 가산점 여 수상 작품 집 출간 등 혜택 제공 신인 기성 작가 누구 참여 수 사항 컴투스 글로벌 게임 문학 공식 홈페이지 확인 가능,IT/과학
전자 현대자동차 경기도 고양시 위치 국내 최대 체험 자동차 테마 파크 현대 모터 스 튜디오 고양 클 로 이 안내로봇 시범 서비스 시작 현대 모터 스 튜디오 고양 방문객 시범 서비스 중 클 로 이 안내로봇 체험 전자 현대자동차 경기도 고양시 위치 국내 최대 체험 자동차 테마 파크 현대 모터 스 튜디오 고양 클 로 이 안내로봇 시범 서비스 시작 현대 모터 스 튜디오 고양 방문객 시범 서비스 중 클 로 이 안내로봇 체험 권건호 전자 산업,IT/과학
년 만 전년 대비 증가 스피커 만대 스 마 트 이 동체 주요 지표 자료 과기 정통부 관련 지표 자료 과기 정통부 스 마 트 공 장 제조로봇 관련 지표 자료 과기 정통부 과기부 차 산업 혁명 지표 자율 주행 차용 정밀 지도 로 구간 구축 년 만 증가 자율차 첨단 로 시스템 구간 설치 전년 대비 과학 기술 정보통신부 스마트 이동체 스피커 핀테크 스마트 팩토리 등 주요 분야 차 산업 혁명 지표 일 발표 지표 월말 기준 수치 부 처 협조 하 작성 자율 주행차 운행 국토 교통부 임시 운행 허가 차량 대로 년 만 증가 드 조종 자격 취득 자수 작년 말 기준 만명 전년 만 명 이상 상업 드론 작년 말 기준 대로 전년 대비 증가 이동 통신 사 네 이버카카오 지능 스피커 누적대수 만 작년 동기 작년 월 말 원격 검침 사물간통신홈네트워크 등 사물 인터넷 서비스 가입 만개 전년 같 기간 올해 월 세계 최초 상용 이동 통신 가입자 수 월 일 만 명 돌파 올해 처음 서비스 기 인터넷망 전국 인터넷 가능 지역 새롭 서비스 개발 때 누구 활용 수 정부 개발 개방 인공 지능 프로그램오 이 용 수 만건 전년 대비 배 상승 인공 지능 전문 기업 년 곳 증가 월 말 앱스토 어 구 플레이 스토어 등 앱마켓 가상현실 증강 현실 앱 업로 드 수 건 중소 제조 기업 경쟁력 강화 추진 스 마트공장 작년 말 곳 제조업 로봇 생산액 년 기준 조억 원 증가 간편 결제 간편송금 서비스 이용 실적 작년 말 일평균 만건 억원 전년 대비 건수 금액 카카오뱅크 케이뱅크 등 인터넷 전문 은행 계좌 가입자 수 만 계좌 만명 전년 증가 핀테크업체 개 증가 기획 풀뿌리상 네이 버 채널 구독,IT/과학
김병선 씨 별세 김철기 오전 시 분 서울 강남성모병원 장례식장 호실 발인 일 오전 시,IT/과학
일 오후 서울 여의도 몰 마련 삼성전자 전략 스 마트 폰 갤럭시노트 특별 홍보관 관계자 스마트 펜 이용 기능 구현 갤럭시노트 이날 미국 인도 영국프랑스 등 유럽 전역 싱가포르 등 동남아 전역 호주 등 개국 정식 출시 삼성전자 다음 달 초 개국 출시 계획 일 이동 통신업 삼성전자 이동 통신 이날 갤럭시노트 출고가 기존 만천원 만천원 기존 만천원 만천원 인하 만 천원 만천원 이 갤럭시노 트 공개 출시 작년 제품 갤럭시노트 재고 소진 것 삼성전자 다음 달 일 미국 뉴욕 갤럭시노트 공개 것 예상 갤럭시노트 베젤테 두리 최소 화면 상단 가운데 카메라 구멍 인피니티 디자인 사운드 내장 디스플레이 탑재 것 관측 인치 인치 가지 모델 출시 상위 모델 기존 프로 플러스 명칭 것 국내 모델 출시,IT/과학
,IT/과학
카 카오게임즈 자사 유럽 법인 정보 보안 국제 표준 개인 정보 보호 관리 체계 획득 일 이번 인증 세계 국제 보안 표준 인프라 시스템애플리케이션 인력 기술데이터 센터 클라우드 환경 등 보안 시스템 전반 세계 수준 관리 능력 회사 측 카카오 임즈 관계자 카카 오 임즈 본사 년 등 국내 주요 보안 시스템 인증 유지 앞 글로벌 게임 기업 내실 것 말 채널,IT/과학
텔레콤 삼성전자 국내 최초 단독 규격 패킷 교환기 코어 장비 연동 순수 시스템 이용 데이터 통신 성공 일 네트워크 와 장비 일부 공유 복합 규격 방식 네트워크 장비 구성 표준 개발 소요 시간 비용 자원 필요 상용 초기 방식 활용 것 일반 이번 기존 데이터 처리 효율 배 높 규모 트래픽 효율 제어 수 증강 현실 가상현실 자율 주행 스마트 팩토리 등 차세대 서비스 최적 통신 성능 제공 수 것 텔레콤 측 설명,IT/과학
월 폰 사면 폰 교환 프로모션 삼성 갤럭시 중고폰 만대 폰 대부분 국외 국내 와 판매점 잠정 중단 내수 고객 폰 제조사 영향 삼성전자 갤럭시 연합 뉴스 월 세대 이동 통신 가입자 유치전 준비 이동 통신 고민 롱텀에볼루션 버전 삼성전자 갤럭시 엘지전자 씽큐 출시 개월 뒤 스 마트 폰 갤럭시 씽큐 다 당장 엘티이폰 고객 유치 어렵 제조사 관계 껄끄럽 상황 궁여지책 세대 교체 프로 모션 엘티이폰 고객 가운데 경우 부품 교체 값 폰 것 통신사 입장 고가 요금 고객 유치 수 장기 이익 장사 만원 폰 때 당장 영업 실적 점 무시 어렵 이통사 엘티이폰 국내외 시작 개월 간 소비자 손 휴대폰 가운데 상태 좋 것 일부 일명 리패키징재포장 폰 것 에스케이텔레 콤 달 동안 판매 국내 갤럭시 엘티이 가격 만천원 출고 만천원 만 원 지원금 규모 폰 최대 배 많 소비자 휴대폰 커뮤니티 리패키징폰 어디 없 수소문 이유 앞 소비자 요구 국내 시장 리패키징폰 어렵 전망 엘티이용 제품 재고 휴대폰 제조사 국내 시장 중고폰 것 이번 프로 모션 이통사 매입 리패키징폰 대다수 국외 업계 추정 삼성엘지 엘티이 중고폰 규모 만 천 여 대 가운데 확보 케이티 엘지유플러 스 중고폰 보험사 과 갤럭시 수출 충성 도 구매력 좋 인도 중동 일부 아프리카 시장 달 간 국내 갤럭시 일부 물량 판매 에스케이텔 레콤 일부 휴대폰 판매점 최근 국내 판매 전면 중단 중고폰 판매 사업자 리패키징폰 공개 홍보 제조사 항의 판매 업계 관계자 국내 소비자 아쉽 제조사 입장 두텁 엘티이 고객 폰 필요 장기 폰 보급 엘티이 휴대폰 가격 중고폰 큼 거 기대,IT/과학
진천 충북 진천군 덕산면 일 읍진천군 제공 군 덕산읍 재무 팀 신설 자치 법규 공부 대장 안내 표지판 정비 군 이날 덕산읍 행정 복지 센터 앞 광장 승격 기념 행사 이시종 충북 도 지사 장 선배 충북도 의 회 의장 송기섭 진천군수 경 대 수 국회의원 박양규 진천군 의 회 의장 등 여명 참석 송기섭 군수 덕산읍 중앙 정부 충북도 진천군 주민 합심 결과물 덕산읍 혁신 도시 중심 신재생 너지 차 산업 등 미래 산업 육성 진천군 발전 견인 말,IT/과학
사이언스 릴레이페어 사이트 확인 서울 여름 방학 동안 전국 개 기관 개 과학 문화 행사 과학 기술 정보통신부 과학 문화 확산 전국 개최 과학 문화 행사 동고 동락 가지 테마 분류 다양 프로그램 정보 쉽 수 제공 일 과학 문화 행사 사이언스릴레이페어 사이트 확인 수 가족 연인 친구 수 다 과학 문화 행사 개최 국립중앙 학 관 대전 일 다음 달 일 전시관 야간 개장 국 립광주과 학 관 일 월일 물 특별전 여름철 물 연관 과학 원리 이해 체험 수 전시 개최 거창월 우주창의과학관 월 성 계곡 피서객 과학 체험 수 다음 달 일 사흘간 체험 부스 운영 자연 가 평천 문대 다음 달 일 이틀간 자연 과학 융합 공연 예술 축제 진행 과학 생각 프로그램 수 서울시 립 과 학관 일반인 대상 월 격주 토요 과학 강연회 진행 국 립 부산 학관 여름 방학 특별 강연 월일 일 일 추위 연계 시리즈 강연 상월곡 역 사이언스 스테이션 초등학생 대상 다음 달 일 일 일 코딩 강연 프로그램 진행 정독도 관 울 구립 서 서관 대구부산디자 인 센터부 산교육 과학 연구 원 대 전창 융합교육원 광주인천대학 교 인천 월 말 금요일 일반인 대상 과학 강연 진행 전국 방방곳곳 수 프로그램 참고 만 국립중 앙 과 학관 일 전라북도 무주 덕유산 월 일 일 강원도 원주 치악산 우리나라 자연 주제 성인 자연 탐사 체험 프로그램 진행 국 립 부 산 과 학관 다음 달 일 칠 월칠 석 테마 은하수 여름철 별자리 관측 수 프로그램 운영 서귀포천 문 학문화관 목성 갈릴레이 대 위성 토성 우 직녀 관측 수 청소년 유익 재미있 여름 방학 프로그램 운영 한국 과학 기 술 연구원 중고 등학생 대상 교과 과정 연계 연구 강연 연구 실험 체험 프로그램 구성 사이언스 캠프 진행 구미 학 관 청소년 대상 로봇 블록 코딩 미션 수행 코딩 캠프 한국항공우 주연구원 청소년 항공 우주 과학 관심 진로 탐색 기회 제공 중고 등학생 대상 진로 캠프 월 중 진행 창공 과학관 다음 달 일 이틀간 로봇 기술 체험 등 현장 체험 기반 진로 직업 체험 캠프 개최 구혁채 미래 재 정책 국장 변화 휴가 트렌드 고려 여름 휴가철 수 다 과학 문화 프로그램 준비 여름 과학 무더위 유익 휴가,IT/과학
서울 이개호 농림 축산 식품부 장관 김병원 농협 중앙회장 참석자 일 오전 서울 중구 농협중앙회 농협 창립 주년 기념식 애국가 제창 저작,정치
서울 이개호 농림 축산 식품부 장관 일 오전 서울 중구 농협중앙회 농협 창립 주년 기념식 정부 훈포장 수 후 수상자 기념 촬영 저작,정치
갤럭시노트 실물 추정 사진 사진 슬래 시 릭스 월 출시 것 삼성전자 갤럭시노트 실물 처음 공개 지난달 일현지시간 유튜브 채널 테 크토크 갤럭시노트 플러 스 사진 영상 공개 영상 속 등장 단말기 문구 선명 등장 갤럭시노트 상위 모델 갤럭시노트 프로 이름 것 관측 기존 같 방식 이름 채택 것 월 출시 갤럭시 르 점 카메라홀 위치 갤럭시 처음 등장 인피니티 디스플레이 화면 상단 카메라 전용 구멍 갤럭시 구멍 위치 오른쪽 상단 갤럭시노트 플러스 화면 중앙 이동 구멍 크기 전작 후면 사진 형태 수 없 카메라 형태 조명 위치 지금 공개 렌더링 이미지 일치 수 갤럭시노트 플러스 인치 디스플레이 탑재 것 퀄컴 스 냅드래 삼성 엑시노스 교차 구성 것 램 기가바이트 저장 공간 테라바이 트 전망 갤럭시노트 출고가 일반 모델 만 원 플러스 모델 만 원 추정 롱텀 에 볼루션 제품 국내 판매 세대 이동 통신 전용 단말기 출시 갤럭시노 트 다음 달 일현지시간 미국 뉴욕 브루클린 바 클 레이 스 센터 정식 공개,IT/과학
서울 김병원 농협중 앙회장 일 오전 서울 중구 농협중앙회 농협 창립 주년 기념식 인사말 저작,정치
경제 산업 성수출 통제 발표 우리 정부 일본 반도 체디 스 플레이 핵심 소재 수출 규제 대응 세 계무역 기구 제소 포함 조치 강구 성윤모 산업 통상 자원부 장관 일 오후 수출 상황 점검회의 일본 수출 제 조치 협정 원칙 금지 뿐 지난주 정상 회의 합의 정신 정면 배치 우리 정부 제소 국제법 국내법 의거 필요 대응 조치 것 말 이 일본 반도체 디스플레이 생산 차질 수 개 핵심 소재 한국 수출 통제 방침 것 대응 조치 성윤모 산업 통상 자원부 장관 일 오후 서울 중구 한국무역보 험공사 수출 상황점 검회의 일본 반도체 소재 수출 규제 관련 입장 발표 연합 뉴스 성 장관 오늘 일본 정부 발표 수출 제한 조치 우리나라 법원 판결 이유 경제 보복 조치 상식 조치 점 깊 유감 표 앞 업계 소통 피해 최소 지원 만전 우리 부품 소재 장비 경쟁력 제고 계기 것 일본 경제 산업 일 불화폴리이미드 포토레지스트 불화 수소 한국 수출 제조 기술 이전 포괄 수출 허가 제도 대상 제외 개별 수출 허가 신청 전환 일 포토레지스트 불화 수소 반도체 제조 공정 핵심 소재 불화폴리이 미 유기 발광다이오드 액정 표시 장치 등 디스플레이 불화폴리이 미 드 포토레지스트 세계 전체 생산량 불화 수소 약 일본 일본 정부 그동안 이 소재 대 한국 수출 시 허가 신청 면제 등 우대 조치 이제 수출 때 심사 것 신청 승인 일 것 경제 산업 한국 외국 무역 법 화이트 국가 제외 의견 모집 절차 시작 화이트 국가 안전 보장 우호국 인정 첨단 재료 수출 관련 절차 대상 제외 일본 정부 당국 승인 절차 일본 월 중 시행 목표 일본 정부 화이트 국가 지정 나라 미국 영국 등 개국 우리나라 년 지정 국내 반도체 디스플레이 업계 일본 수출 규제 우려 표 위기 극복 대책 마련 착수 서울 삼성전자 서 초사옥 딜라이트 전시 반도체 패브리케이 티드 웨이퍼 일본 이 소재 수출 제한 국내 산업 영향 것 전망 당장 일 규제 포토레지스트 불화 수소 반도체 제조 필수 소재 삼성전자 하이닉스 피해 수 포토레지스트 경우 국산 대체재 부족 일본 수입 당장 생산 차질 불화폴리 이미드 디스플레이 제조 폭넓 삼성디스플레이 디스플레이 영향 수 일본 정부 이번 조치 양국 간 신뢰 관계 훼손 때문 설명 일제 강제 징용 문제 일본 경제 보복 해석 일본 한국 정부 압박 동시 보복 강도 반도체 디스플레이 타깃 것 풀이 반도체 우리나라 총수출 차지 핵심 산업 이번 조치 일본 정부 주창 자유 공정 차별 무역 원칙 정면 배치 것 국제 사회 비판 고조 가능 삼성전자 하이닉스 램 시장 점유 이상 낸 드 플래시 시장 점유 생산 차질 시 세계 정보 기술 산업 영향 수 사안 일본 기업 자체 미국중국 경제 파장 수 이슈 교도 통신 등 일본 언론 이번 조치 일본 수출 기업 영향 우려 한 일 양국 관계 악화 것 전망 우리 정부 긴급 대응 방안 마련 홍 기 경제 부총리 겸 기획 재정부 장관 이날 오전 시 분 서울 모처 공개 장관회의 녹실 회의 일본 수출 규제 발표 관련 대응 방안 논의 윤건일 전자 부품 이경민 산업 정책 세종,IT/과학
롯데하이마트 옴 니스토어 주안점 롯데하이마트 서울 송파구 잠실 국내 최대 규모 가전 유통 매장 롯데하이마트 메가스토어 다양 제품 전시 체험 공간 편 시설 등 차별 매장 구축 가전 유통 매장 최초 매장 내 스포츠 경기장 도입 젊 고객 유입 일 업계 롯데하이마트 잠실 점 대 매장 메가 스 토어 전환 리뉴 얼 착수 롯데하이마트 메가 스토어 리뉴얼 올해 오픈 예정 롯데하이마 트 잠실 점 평 규모 메가 스 토어 완공 평 이상 대 매장 확대 이 국내 가전 유통 매장 가운데 최대 규모 현재 건물 층 하이마트 사용 메가 스 토어 층 사용 메가 스 토 어 하이 마 트 상징 플래그십 스토어 구축 다양 제품 전시 제품 체험 공간 마련 등 기존 매장 제품 전시 구성 계획 고객 쇼핑 중간 수 편의 시설 가전 유통 매장 최초 매장 내 스포츠 경기장 계획 스포츠 경기장 각종 대회 이벤트 매치 개최 스포츠 관심 많 젊 고객 방문 계획 스포츠 경기 없 때 게이밍 기기 전시 판매 수 등 매출 연계 전략 롯데하이마트 메가스토어 도입 오프라인 매장 차별 롯데하이마트 지난해 도입 온오프 결합 프리미엄 매장 옴 니스토 어 메가 스 토어 도입 오프라인 매장 차별 속도 옴니스토어 지난해 개 오픈 올해 추가 개 안팎 매장 오픈 계획 롯데하이마트 관계자 메가 스토 어 다양 체험 시설 새롭 가전 매장 것 스포츠 경기장 젊 층 인기 많 공간 경기 게이밍 기기 전시 판매 연계 계획 설명 오프라인 가전 유통 매장 대 형화 국내외 관통 흐름 온라인 시장 성장 다양 제품 비교 체험 수 것 오프라인 매장 차별 요소 일본 년 전 요도 바 시 카 메라 빅카메라 등 대 가전 매장 전환 오프라인 매장 성장 미국 베 스트바이 등 가전 유통 매장 체험존 국내 삼성디지 털프라자 베스트숍 전자랜드 등 가전 유통 매장 앞 대 매장 경쟁 가전유 통업 관계자 오프라인 가전 유통 매장 대 경쟁 수 없 대형 고객 매장 변신 말 권건호 전자 산업,IT/과학
세계한 무역협 회 월드 옥 타 지회장 스리랑카 콜롬보 오지철 바 레 김용백 뉴욕 유대현 탬파 신소영 마이애 미 스티브 서이상 미국 호주 멜버른 민재홍 뉴질랜드 오클랜드 이나연 바 이 정숙천 러시아 블라디보스토크 김경태 슬로바키아 브라티슬라바 정하동 라오스 비엔티엔 윤병 일본 후쿠오카 장성배 베트남 하노이 전철 우 가나 아크라 김승철,IT/과학
자동차 제조 부문가전무문 양 날개 창립 주년 기념식 개최 저작권자 디지 데일 무단 전재재배포,IT/과학
재고 지 목적 유플러 스 지원금 상향 지난해 월일 삼성전자 하반기 전략 스 마트 폰 갤럭시노 트 공개 출시 달 앞 가운데 전작인 갤럭시노트 출고 인하 일 이동 통신 업계 이동 통신사 출고 만원 갤럭시노트 기가바이트 모델 만원 만원 갤럭시노트 모델 종전 만 원 만원 만원 인하 텔레콤 월일 가격 유 플러스 만 원 유지 이동 통신사 같 날 갤럭시노트 출고가 것 재고 소진 성격 강하 보 이통사 제조사 새롭 스마 트폰 출시 달 전 전작 출고가 지원금 재고 물량 소진 유플러스 출고 인하 지원금 상향 요금 최하구 간 만 원 제공 것 만원 것 시작 월 만 원 데이터 만 원 월 만 원 추가 요금 걱정 없 데이터 만 원 월 만 원 추가 요금 걱정 없 데이터 이상 만 원 등 제공 업계 갤럭시노트 재고 소진 가운데 최근 유튜브 갤럭시노트 실물 처음 공개 지난달 샘모바일 등 외신 유 튜버 테 크 토크 티브이 영상 인용 갤럭시노트 플러 스 실물 공개 보도 영상 속 갤 럭시노트 렌더링 이미지 크 다르 화면 상단 가운데 작 홀구멍 뒤 왼쪽 상단 카메라 개 세로 배열 갤럭시플러스 비교 전면 디스플레이 홀 위치 오른쪽 가운데 뒷면 카메라 위치 중앙 상단 가로 배열 왼쪽 상단 세로 배열 전작 갤럭시노트 전면 베젤 비교 갤럭시노 트플러 스 베젤 인지 수 없 정도 얇 모습 베젤 최소 수 배경 사운드 디스플레이 디스플레이 내장 사운드 기술 기술 적용 화면 자체 진동판 역할 별도 통화 스피커 필요 없 갤럭시노트 갤 럭시 세대 세대 이동 통신 지원 모델 출시 전망 국내 버전 출시 예정 갤럭시노트 상징 펜 이번 단계 진화 것 예상 펜팁지름 필압 전작 같 덱스 모드 마우스 사용 수 에어 마우스 등 지원 것 참고 갤럭시노트 펜 처음 리모컨 기능 탑재 바,IT/과학
서울 일 오전 서울 여의도 글래 드호텔 한국해양교 통안전공단 출범식 이연승 공단 이사장 인사말 해양 교통 안전 기능 하나 체계 종합 관리 선박안전 기술공단 개편 탄생 공단 해양 교통 안전 전문 방송 실시 해양 교 통 환경 분석 저작,정치
서울 일 오전 서울 여의도 글래 드호텔 한국해양교 통안전공단 출범식 문성혁 해수부 장관 이연승 공단 이사장 국민 의례 해양 교통 안전 기능 하나 체계 종합 관리 선박안전 기술공단 개편 탄생 공단 해양 교통 안전 전문 방송 실시 해양 교 통 환경 분석 대책 수립 안전 교육 홍보 등 확대 해양 교통 안전 업무 담당 저작,정치
이더리움 공동 창업자 조셉 루빈 설립 회사 최태원 회장 전계 열사 블록체 기술 접목 주문 최태원 회장 지난달 경기도 이천 시 연구소 확대 경영 회의 발표 내용 경청 그룹 지주사 주식회사 미국 뉴욕 거점 블록체 개발사 컨센시스 억 원 가량 투자 블록체 등 기술 최태원 회장 높 관심 이번 투자 배경 관측 이더리움 창립 멤버 조셉 루빈 설립 컨센시스 이더리움 기반 블록체 서비스 응용 프로그램 개발 일 관련 업계 주식회사 최근 컨센시스 투자 협약 억 원 규모 투자 진행 이 조셉 루빈 컨 센시스 대표 월초 한국 방문 최 회장 담 것 주식회사 관계자 센시스 주도 펀드 참여 형태 미래 성장 동력 발굴 기술 선점 투자 기회 확보 차원 참여 것 투자 규모 집행 시기 제휴 내용 등 말 컨센시스 지난해 월 그룹 계열사 주식회사 블록체 기술 제휴 체결 그룹 인연 주식회사 올해 초 클라우드 제트 컨센시스 주요 서비스 플랫폼 기술 탑재 텔레콤 블록체 기반 신분증 등 자체 블록체 서비스 개발 관련 업계 블록체 기술 최 회장 높 관심 이번 투자 배경 것 분석 최 회장 지난달 일 스타트업 행사 스파 크 랩 스데모데 이 참석 블록 체인 토큰이 코 노미 분리 수 이 같 디지털 기술 스타트업 성장 크 기여 것 블록체 기술 높 관심 피력 바 업계 고위 관계자 지난달 일 이천 그룹 확대 경영 회의 최 회장 전계 열 사 디지털혁신 주문 이외 계열사 블록체 기술 접목 빠르 것 예상,IT/과학
서울권태성 국민 권익 위원회 부위원장 일 세종시 정부 세종 청사 브리핑실 국민의견 미세먼 제도 개선 방안 관련 관계 기관 합동 발표 정부 국민 제기 민원 수집분석 어린이노인 등 미 세 먼 지 취약계 보호 강화 노후 경유차 조기 폐차 친환경차 보급 정책 지원 미세먼 지 유발 차량선박 사업장 공익 신 대상 확대 등 정책 확대 시행 국민 권익 위원회 제공 저작,정치
회견 기존 공항안정 이용불편누 구 나공감 제공항제 주 경 제 지 것 강정해군기지인권침 해사 과 원희룡 제주 지 사 일 오전 제주도청 탐라홀 민선기 주년 성과 앞 과제 회견 원희룡 제주도지 사 일 제주 제공항 건설 도민 공론 절차 요구 중대 하자 발견 이상 제공항 계획 정상 추진 것 공론 조사 부정 입장 피력 원 지사 이날 오전 제주도청 탐라홀 민선 기 취임 주년 회견 기존 제주국제 공항 안전 이용 불편 모두 공감 문제 제공항 제주 경제 지도 지속 가능 미래 비상 안전 날개 것 강조 제주 필요 제공항 미래 도민 공항 책임 우리 공항 운영 참여 이익 도민 수 주민 지원책 제주 균형 발전 개 분야 개 사업 발굴 국토교 통부 설득 사전 예비 조사 용역 진행 도민 의문 해소 토론 설명 부족 의견 조사 용역 진행 과정 중대 하자 없 제공항 정상 추진 대 전제 동의 이후 진행 검토 위원회 중대 하자 없 판단 때문 제공항 정산 추진 설명 원 지사 경찰청 인권 침해 사건 진상 조사 위원회 조사 결과 제주민군복 합 관광 미항강 정마을 해군 기지 추진 과정 국가 공권력 인권 침해 데 도정 책임자 과거 행정 잘못 고통 분 사과 강 정마 을 주민 갈등 해소 강정마을 공동체 회복 최선 피력 한 원 지사 회견 시작 년 전 직무 시작 때 제주 관행 적폐 도민 행복 결과물 약속 수십 년 유지 공무원 사회 도민사회 편 오랫동안 난무 특권 반칙 등 적폐 청산 데 주력 강조 년 민선 기 동안 공직 사회 청렴 공정 건전 재정 청정 환경 기반 시설 확충 성과 바탕 지속 가능 제주 미래 초석 민선 기 도정 미래 세대 자랑 수 청정 공존 제주 백 년 대계 구현 도민 중심 혁신 도정 도민 적극 추진 향후 도정 추진 방향 제시,IT/과학
청주 일 충북 청주시청 브리핑룸 민선 기 취임 년 한범덕 청주 시장 실국장 배석 가운데 그동안 성과 설명 앞 비전 제시 시정 브리핑 저작,정치
스피커 판매 년 새 배 가입 전년비 자율 주행 정밀 구축 스마 트공장 개 가동 국내 인공 지능 스마트스피커 만대 이상 것 간편 결제 간편송금 하루 억 원 이상 금액 거래 것 조사 과학 기술 정보통신부 같 내용 스피커네트워크 드론자율 주행차이동체 핀테크 사업체금융물 스 마 트 공장 제조 등 분야 차 산업 혁명 지표 일 발표 구체 텔레콤 유플러 스 등 이동 통신사 네이 버 카카오 판매 스피커 누적 대수 월말 기준 만대 이 전년 배 이상 증가 수치 원격 검침 사물간 통신 홈 네트워크 등 사물 인터넷 서비스 가입 수 지난해 말 기준 만개 기록 전년 월일 우리나라 세계 최초 상용 이동 통신 가입자 지난달 기준 만명 상태다 기 인터넷망 전국 커버 지 수준 서비스 개발 때 누구 활용 가능 정부 개발 개방 오픈 애플리케이션 프로그램 인터페이스 이용 수 월말 기준 만건 전년 배 전문 기업수 지난해 말 기준 개 전년 증가 애플 앱스토어 구글 플레이스토어 등 앱마켓 등록 가상 증강 현실 앱 수 올해 월말 기준 건 자율 주행 관련 지표 크 자율 주행 자동차용 정밀 지도 전년 구축 자율차 첨단 도로 시스템 전년 증가 구축 상태 자율 주행차 운행 국토부 임시 운행 허가 차량 대로 전년 확대 지난해 말 기준 드론 조종 자격 취득 자수 전년 만 여 명 만명 상업 이상 신고 대상 드론 대로 전년 성장 중소 제조 기업 경쟁력 강화 추진 스 마트공장 지난해 말 누적 개 가동 중 정부 년 스 마트공장 만개 구축 계획 제조업 로봇 생산액 년 기준 조억 원 전년 간편 결제 간편송금 서비스 이용 실적 지난해 기준 일평균 만건 억 원 전년 건수 금액 증가 카카오뱅크 케이뱅크 등 인터넷 전문 은행 계좌 수 가입자 수 만 계좌 만명 전년 대비 성장 핀테크 업체 수 전년 대비 증가 개 기록 환자 진료 정보 환자 의료 기관 사이 안전 교류 환자 불편 해소 의료 기관 진료 정보 전자 교류 참여 병원 수누 개소다 전년 에너지신산업 기반 확대 스 마트그리 드 확산 사업 도입 에너지관리 시스템 개 전년 증가 정보 통신 기술 기술 교통 방범 환경 등 도시 문제 해결 관리 스마 트시티 통합 플랫폼 기반 구축 사업 참여 지자체 전년 개 증가 개 도시 확산 농수 산업 분야 스마 트팜 확대 시설원예 증가 헥타르 축산 증가 호 기록 과기 정 통부 차 산업 혁명 추진 지표 국민 변화 수치 쉽 차 산업 혁명 수 말,IT/과학
조사 용역 협의 당시 합의 입장 고시 저 소통 제주 원희룡 제주특별 자치도지사 일 오전 제주도청 층 강당 민선 기 질문 답변 제주 원희룡 제주특별 자치도지사 제주 제공항 정상 추진 입장 공식 원희룡 제주도지 사 일 오전 제주도청 탐라홀 민선 기 출범 주년 회견 제공항 조사 용역 당시 합의 바 중대 하자 발견 이상 정상 추진 것 원 지사 사전 예비 조사 용역 진행 도민 의문 해소 토론 설명 부족 의견 조사 용역 진행 과정 중대 하자 없 제공항 정상 추진 대 전제 동의 이후 진행 검토 위원회 중대 하자 없 판단 때문 제공항 정산 추진 설명 앞 제공 항 기본 계획 고시 시간 부처 의견 제출 기간 때문 최종 시각 소통 토론 기회 다음 원희룡 지사 일문일답 제공항 기본 계획 고시 전 제주도 추진 계획 기본 계획 용역진 의견 제시 것 확정 것 제공항 건설 국토 교 통부 국방부 등 부처 연관 최소 개월 동안 부분 의견 수렴 가지 의견 사항 국토 교 통부 장관 제시 이 검토 답변 앞 국토부 항공 계획 최종 진행 책임자 의논 주민 견 최대한 반영 수 지사 후보자 시절 제공항 갈등 해소 공론 제시 점 설명 제주도지 사 선거 후보자시절 후보자 입장 다르 저 제공항 추진 정확 토론 공론 입장 것 언론사 면 질문 얘기 부분 조사 용역 협의 과정 검토 위원회 진행 등 년 동안 진행 과정 공론 진행 찬성 반대 등 도민 입장 것 원천 봉쇄 공론 표현 도민 의견 설명 제공 것 포함 표현 미흡 점 유감 생각 제공항 용역 검증 제주도 파리항공엔 지니어링 원희룡 제주특별 자치도지사 일 오전 제주도청 층 강당 민선 기 회견 도정 방향 설명 전기차블록체인화장품 특구 설명 전기차 특구 우선 협상 대상 지정 지금 번 자문 것 보류 점 따름 점검 과정 실무 자문 위원 요구 부분 소홀 전기차 특구 것 수 블록체 특구 토지 대장 전기차 사용 배터리 이력 등 실질 사업 진행 암호 화폐 관련 정부 자체 특구 지정 신중 많 것 정부 정책 일방 추진 것 때문 정부 수용 인정 부분 알맹이 화장품 제주도 특화 사업 특구 비지 정부 지완 기업 유치 등 진행 부분 도의회 갈등 골 상설 정책 협의회 구성 어떻 도정 도의회 기본 대립 견제 기능 상임 위원회 같 영역 권한 같 권한 부분 현안 의회 조직 편제 상대 위치 제공항 문제 수 부분 정책 협의회 틀 활용 수 보전 관리지역 조례 제 공 항 갈등 해결 의회 안 취합 의견 상태 정책 협의회 진행 취지 문제 수 난개발 방지 등 공약 정책 판단 보류 것 년 전 민선 기 취임 동시 제주도 중산 간 지역 사업 개 존재 이 행정 적극 사업 새롭 유치 개발 투자 없 사실 개발 투자 경직 상태 도민 걱정 사업 환경 영향 평가 비상 수단 자본 검증 진행 앞 도의회 심의 도지사 최정 평가 등 해군기지 진상 조사 결과 공개 의향 당시 사회 협약 위원회 강정 분과 나름 백서 발간 진상 조사 자체 진행 해당 위원회 채택 제주도 정 제출,IT/과학
세종 박태성 산업 통상 자원부 무역 투자실장 일 오전 정부 세종 청사 월 수출 감소 억불 수입 감소 억불 기록 저작,정치
서울 일 오전 서울 여의도 글래 드호텔 한국해양교 통안전공단 출범식 이연승 공단 이사장 인사말 해양 교통 안전 기능 하나 체계 종합 관리 선박안전 기술공단 개편 탄생 공단 해양 교통 안전 전문 방송 실시 해양 교 통 환경 분석 저작,정치
서울 일 오전 서울 여의도 글래 드호텔 한국해양교 통안전공단 출범식 수 협 한국해양과 학기술 원 한국해양수 산 연구 원 한국해양교 통안전 공단 목포해양대 한국해양대 한국 수산 학 기술진 흥원 등 개 기관 업무 협약 체결 해양 교통 안전 기능 하나 체계 종합 관리 선박안전 기술공단 개편 탄생 공단 해양 교통 안전 전문 방송 실시 해양 교 통 환경 분석 저작,정치
일월 소통 공감 날행사 참석도정의견공 유 제주특별 자치 제공,IT/과학
과 한국 직업 전 문학교 일 본사 영 재 교육원 설립 업무 협약식 개최 왼쪽 홍승모 사 이사 김명용 직업 전문 학교 이사장 양승욱 사 사장 김홍진 직업 전문 학 교 학장 다산인재개 발원 한국 직업전문학교이사장 김명용 사가 소프트웨어 전형 인재 양성 손 김명용 한국 직업 전 문학교 이사장 양승욱 사 사장 일 사 대회의실 영 재 교육원 설립 업무 협약서 교환 양사 한국 직업 전 문학교 하반기 설립 예정 영 재 교육원가칭 활성 협력 학생 모집 커리큘럼 구성 학사 진행 진학 컨설팅 인재 양성 힘 영재 교육원 전형 중심 대학 등 관련 과정 진학 중고 등학생 지원자 대상 교육 실시 교육 학기 과정 토요일 수업 진행 교수진 전공 분야 석박사 학위 소지자 대 코칭 시스템 교육 다양 흥미 유발 교육 과정 진행 각종 정보올림피아 드 경진 대회 자격증 취득 원스톱 교육 실시 김 이사장 많 대학 대입 수시 전형 하나 전형 도입 프로그램 인재 조기 교육 관련 대학 진학 유도 한국 산업 발전 기여 말 양 사장 양사 강점 결합 영재 교육 진행 시너지 효과 기대 관련 대학 진학 졸업 후 관련 기업 입사 지원,IT/과학
경남 농민 수당 지급 조례 제정 경남도 농 민 수당 지급 조례 제정 촉구 주민 발의 진행 전망 전국 농민회총연 맹 부산경남연맹 등 농민 단체 중심 농민 수당 조례 제정 동의 도내 시민 사회단체 구성 경상남도 농민 수당 조례 제정 운동 본부 일 경남도청 회견 농민 수당 지급 조례 제정 주민 발의 선포 운동 본부 농업 공익 가치 농민 권리 보장 증진 경남 농민 수당 조례 제정 주민 발 운동 것 선포 산업 이름 언제 농업 천시 풍조 일반 국가 정책 후순위 국민 건강 유전자 조작 수입 농산물 위협 벼랑 끝 농업 우리 모두 미래 새롭 한국 농업 농 촌 첫걸음 경남도민 농민 농업 공공 확보 지역 경제 활성 농민 수당 조례 제정 운동 시작 농민 주민 발 운동 이유 농민 수당 제도 상층 교섭 도입 제도 현장 농민 농업 정책 광역 자치 단체 조례 범위 예산 크 때문 많 경남도민 농업 공공 이야기 총의 과정 중요 때문 설명 운동 본부 농민 수당 경남 도입 농민 농업 농촌 공익 기능 증진 교육 공동체 활동 수행 지속 가능 국민 농업 발전 것 도내 사용 가능 수단 지역 화폐 농민 수당 전액 지급 지역 경제 활성 기여 것 강조 운동 본부 앞 도내 청구 자 총수 고려 만 명 이상 서명 농민 수당 지급 조례 제정 주민 발 청구 계획,IT/과학
과학 기술 정보통신부 오늘일 사물 인터넷 스피커 스 마트 공장 등 분야 차산업 혁명 지표 발표 원격 검침 사물 간 통신 홈네트워크 등 사물 인터넷 서비스 가입 기기 천만 개 지난해 대표 가정 사물 인터넷 기기 중 하나 스피커 판매 누적 대수 만 대로 지난해 같 기간 증가 것 인공 지능 활용 다양 서비스 출시 관심 높 새롭 서비스 개발 때 활용 수 정부 개방 인공 지능 프로그램오 프 이용 건수 천백만 건 지난해 배 상승 실제 창업 인공 지능 전문 기업 지난해 곳 전년 대비 증가 생산 분야 차산업 혁명 기술 적용 스마트 공장 지난해 말 기준 천곳 집계 정부 년 스 마트공장 곳 계획 자율 주행 자동차용 정밀지 구간 천 지난해 자율 주행차 운행 국토 교통부 임시 운행 허가 차량 대로 증가,IT/과학
증권가 일본 핵심 소재 수출 규제 반도 체 디스 플레이 업계 손익 분석 분주 국내 증권가 국내 반도 체디 스 플레이 업계 나 일본 핵심 소재 의존도 높 만큼 단기 부정 영향 장기 반도체 가격 반등 소재 국산 제고 등 호재 것 분석 김양재 증권 연구원 일 일본 정부 반도 체디 스 플레이 핵심 소재 수출 규제 국내 반도 체디 스 플레이 제조사 단기 생산 차질 반도 체 디스 플레이 수급 공급 과잉 국면 이번 이슈 국내 제조사 과잉 재고 소진 생산 차질 빌미 가격 협상력 강화 수 기회 작용 수 분석 이승우 유진투 자 증권 연구원 포토레지스트 불화 수소 국내 업체 일부 생산 가능 품질 차이 일본 원재료 정제 가공 것 점 국내 반도 체디 스 플레이 업계 긴장 수 없 소식 재고 부담 크 국내 메모리 업체 자연 감산 결정 가능 높 반도체 사이클 바닥 시점 효과 수 말 이번 수출 규제 계기 국내 반도 체디 스 플레이 업계 핵심 소재 국산 집중 것 전망 김동원 증권 연구원 이번 수출 규제 지금 해외 의존도 크 한국 소재 국산 가속 계기 것 잠재 위험 인지 삼성전자 하이닉스 삼성디스플 레 이 삼성 등 년 반도체 전기차 분야 적용 핵심 소재 일부 년 국산 것 예상 말 도현우 투자 증권 연구원 국내 업체 순도 낮 제품 일본 업체 합작 경우 많 완전 대체 힘들 향후 삼성전자 하이닉스 등 일본 위협 현실 국내 업체 체력 수 정책 시행 가능 높 만큼 이 국내 업체 경쟁력 상승 가능 높 분석 반면 삼성전자 하이닉스 삼성디스플 레이 디스플레이 등 램 낸드 플래시 유기 발광다이오드 시장 절대 지위 확보 상황 일본 소재 업계 타격 김현수김경민 하나 금융 투자 연구원 일본 핵심 소재 수출 규제 강화 협상 카드 활용 가능 높 일본 반도체 선단 공정 소재 한국 수출 대만 외 수요처 확보 어렵 분석 도현우 연구원 수출 규제 품목 분야 일본 점유 차지 한국 반도체 기업 요 고객 점 일본 업계 피해 예상 중장 기 고객사 이탈 우려 존재 닛 케 이 지수 상승 가운데 포토레지스트 대표 기업 주가 오전 한때 이상 하락 에칭 가스 관련 주요 기업 하락세 말 정현정 배터리 부품,IT/과학
,IT/과학
월 일 월 일 코엑스 개최 한국 지능 사물 인터넷협회 회장 박진효 월 일수 월 일금 일간 스층 홀 개최 사물 인터넷 국제 전시회 이하 전시회 참가 기업 모집 사물 인터넷 국제 전시회 국내외 기업 제조 건설 가전 의료 에너지 등 산업 분야 적용 플랫폼 네트워크 디바이스 응용 서비스 융합 제품 전시 홍보 새롭 비즈니스 기회 확대 수 행사 과기 정통부 주최 사물 인터넷진흥주간 메인 행사 개최 이번 사물 인터넷 국제 전시회 작년 확대 규모 국내외 여 개 기업 부스 규모 개최 산업 관계자 만 명 참관 올해 기반 데이터 등 유망 기술 융합 지능 서비스 제품 발굴 확산 계기 마련 예정 참가 업체 관람객 다양 부대 행사 컨퍼런스 개최 산업 트렌드 한눈 수 좋 기회 장 것 참가 신청 기간 월 일금 한국 지능 사물 인터넷 협회 회원사 경우 참가비 할인 적용 수 참가 신청 방법 전시회 홈페이지 확인 수 인터넷,IT/과학
과기 정통부 인공 지능 스피커 누적 판매 대수 만대 돌파 관련 오픈 애플리케이션 프로그램 인터페이스 이용 수 년 만 배 이상 과학 기술 정보통신부이하 과기정통부 일 발표 차 산업 혁명 지표 올해 월 말 기준 텔레콤 유플러 스 등 이동 통신 사 네이 버 카카오 판매 스피커 대수누적 만 집계 지난해 월 만대 배 이상 셈 사물인터넷 서비스 가입자 수 지난해 말 만개 전년 대비 월 세계 최초 상용 세대 이동 통신 가입자 수 지난달 기준 만명 돌파 새롭 서비스 개발 때 누구 활용 수 정부 개발 개방 오픈 이 용수 월 기준 만건 년 월 만건 대비 배 급증 앱애 플리케이션 마켓 가상 증 강 현실 앱 업로 드 수 월 말 건 자율 주행 자동차용 정밀 지도 자율차 첨단 도로 시스템 구축 년 전 확대 자율 주행차 운행 국토부 임시 운행 허가 차량 대로 전년 대비 드론 조종 자격 취득자 수 지난해 말 기준 만명 년 전 만 명 이상 중소 제조 기업 경쟁력 강화 추진 스마트 공장 지난해 말 개 구축 정부 년 만개 구축 계획 지난해 일 평균 간편 결제 간편송금 서비스 이용 건수 만 건 이용 금액 억 원 년 년 대비 증가 카 카오 뱅크 케이뱅크 등 인터넷 전문 은행 계좌 수 가입자 수 월 말 만 계좌 만명 전년 대비 의료 기관 진료 정보 전자 교류 참여 병원 수 월 말 개소누적 년전 스 마 트시티 통합 플랫폼 기반 구축 사업 참여 지방 자치 단체 전년 개 증가 개 도시 확산 정부 년 월 발표 차 산업 혁명 대응 계획 스피커 드론자율 주행차 핀테크 사업체 등 분야 추진 상황 개 지표 선정 조사,IT/과학
프로토타입 속성 관리자 지원 위아래 첨자 추가 어 비코리아 프로젝트 관리 툴 지라 디자인 개발 워 크플로우 향상 프로토타입 모드 속성 관리자 지원 어도비 월 업데이트 버전 어도비 월 업데이트 버전 위 아래 첨자 추가 다양 플러그인 사용자 인터페이스 접속 수 새롭 플러그 패널 도 추가 어도비 월 업데이트 버전 구성 요소 속성 편집 속성 관리자 디자인 모드 프로토타입 모드 지원 속성 수정 때 개별 인터 랙션 클릭 대신 개 인터 랙션 번 선택 정의 수 프 로토타입 인터 랙션 쉽 추적 수 다수 아트보드 선 규모 변경 가능 위 첨자 아래 첨자 기능 새롭 추가 가격 각주 수학 방정식 등 같 텍스트 요소 손쉽 수 지라 디자인 개발 워 크플로우 개선 지라 사용자 디자인 리 아트보드 수 댓글 수 등 다양 메타데이터 확인 가능 이 제품 관리자 개발자 협업 향상 것 기대 플러그인 패널 추가 어도비 개 이상 플러그인 앱 통합 생태 이번 업데이트 플러그인 패널 새롭 추가 효율 플러그인 패널 플러그인 빠르 실행 수 사용 플러그인 한데 화면 왼쪽 수 플러그 사용 메뉴 탐색 필요 사용 플러그인 화면 클릭 플러그 매니저 실행 다음 아이콘 클릭 해 새롭 플러그인 검색 설치 수 디지털 기획 팀 이세연,IT/과학
찬성 반대 원포인트 임시 회서 무기명 전자 투표 의결 서울시의회 시정 질문 출석 박원순 시장 박원순 서울 시장 역점 사업 서울민주주 의위원회 설립 조례안 표결 끝 서울시 의 회 통과 시의회 일 제회 임시회 서울특별시 행정 기구 설치 조례 일부 개정 조례안 서울특별시 공무원 정원 조례 일부 개정 조례안 서울특별시 의회 기본 조례 일부 개정 조례안 등 의결 이날 신원철 시의회 의장 행정 기구 설치 조례 개정안 공무원 정원 조례 개정안 일괄 상정 안건 이의 정진술 불어민주당 의원 의사 진행 발언 신청 정 의원 찬반 토론 것 안건 기명 전자 투표 진행 제안 의원 기명 전자 투표 무기명 전자 투표 진행 동의 진행 무기명 전자 투표 행정 기구 설치 조례 개정안 찬성 표 반대 표 기권 표 공무원 정원 조례 개정안 찬성 표 반대 표 기권 표 가결 행정 기구 설치 조례 개정안 서울민주주 의위원회 시장 직속 기구 설치 내용 박 시장 숙원 사업 공무원 정원 조례 개정안 서울민주주 의위원회 일 공무원 자리 내용 시의회 조례 개정안 서울민주주 의위원회 담당 시의회 상임 위원회 지정 내용 결국 이번 임시회 서울민주주 의위원회 조례 안건 처리 원포인트 의회 셈 서울민주주 의위원회 공무원 각계 전문가 등 명 이내 위원 구성 합의 행정 기관 각종 정책 기획 조정의결 시민 참여숙의제 예산 편성 참여 시민 참여 예산 시민 제안 신규 사업 예산 시민 숙 의 예산 기존 서울시 사업 중 시민 숙의 과정 예산 말 예산 규모 시민 민주주 확대 내년 천억 원 년 천억 원 년 조 원대 이 위원회 예산 편성 권한 비대 지적 제기 서울시 조직 개편 비판 결과 제회 정례회 회기 중 지난달 일 시의회 기획 경제 위원회 행정 기구 설치 조례안 만장일치 부결 바 석 중 석 이 박 시장 같 민 주 당 서울시의회 박 시장 제출 조례 안이 만장일치 부결 것 민선 기 처음 일 통과 예상 서울시 서울민주주 의위원회 설명회 준비 조례 부결 이 취소 새롭 입법 예고 시의회 정례회 마지막 날 지난달 일 논의 끝 안건 임시회 합의 다음날 공고 안건 합의 임시 회 만큼 이날 조례 통과 자체 예상 기명 투표 적 반대 의견 확인 서울시 앞 사업 추진 과정 의원 교감 과제,IT/과학
저작권자 디지 데일 무단 전재재배포,IT/과학
일본 정부 한국 세계 시장 선도 반도체 디스플레이 핵심 소재 중심 수출 규제 방침 반도체 디스플레이 우리나라 제조업 수출 중 상당 비중 차지 반도체 우리나라 전체 수출 차지 비중 높 대 품목 중 비중 크 년 전체 수출 중 반도체 비중 년 월 차지 역대 최대 기록 이후 반도체 가격 하락 세계 반도체 시장 성장 둔화 반도체 수출 비 중 월 주력 수출품목 위다 디스플레이 월 기준 수출 비중 차지 위 품목 중국 액정 표 시 장치 생산량 증가 패널 가격 하락 이 국내 기업 생산량 조정 출하량 감소 유기 발광다이 새롭 수출 품목 부상 모바일 프리미엄 용 패널 중심 디스플레이 수출 증가 업계 일본 정부 이번 규제 한국 세계 시장 선도 반도체 겨냥 세계 시장 일본 점유 높 주요 소재 수출 규제 품목 지정 때문 일본 정부 규제 대상 지목 불화 수소 칭가스 반도체 웨이퍼 세정 공정 사용 디스플레이 세정 공정 화 수소 대부분 금속 정도 부식 실리콘 웨 이퍼 불순물 제거 때 사용 일본 스텔라 모리타 반도 체 초고순도 불산 공급 대표 기업 세계 시장 이상 장악 포토레지스트 웨이퍼 회로 인쇄 노광 공정 사용 소재 년 일본 세계 시장 약 점유 정도 동진쎄미 불 화아 이머전 포토레지스트 국산 중국 일부 생산 시도 반도체 공정 미세 포토레지스트 기술 난도 높 반도체 회로 선폭 나노미터 수준 미세 극자외선 공정 등장 이 최적 포토레지스트 필요 등 고해상 고감 화학 안정 등 소재 요구 디스플레이 분야 일본 수출 규제 품목 언급 불화 폴 리이미드 폴리이미드 불소 처리 것 내열 발수 내화학약품 높 전기 광학 특성 좋 평가 다양 광학 재료 사용 폴더블 사용 투명 불화 폴 리 이 미드 사용 차세대 제품 상용 영향 것 삼성디스플레이 일본 스미토모화 학 투명 공급 당장 갤럭시 폴드 공급 영향 가능 폴더블 스 마트폰 경우 상용 만큼 당장 시장 파급 효과 크 전망 폴 더 블용 투명 공급 업체 일본 스미토모화학 한국 코오롱인더스트리 대표 만약 일본 수출 허가 지연 불허 공급 차질 예상 국내 기업 대체 수 이번 규제 악영향 크 것 삼성 폴더 블 스마트폰 정식 출시 국내 업체 제품 성능 테스트 등 공급망 다변화 준비 기존 상용 플렉시블 용 박막트랜지스터 기판 생산 불화 폴 리 이 미드 사용 세계 시장 약 점유 한국 패널사 영향 가능 일본 정부 구체 코드 제시 추후 상황 화질 생산 필요 화소 격벽인 형성 때 불화 폴 리이미드 늘 증착 때 화소 간 경계 형성 전극간 간섭 방지 역할 외 불화 폴 리이미 시스템반도체용 중간막 절연 필름 반도체 부품 봉인 재료 광학 부품 등 사용 추후 어디 영향 사용 액정 배향막 불화 폴 리 이 미드 사용 분야 영향 업계 관계자 일본 정부 코드 규정 실제 수출 규제 범위 가늠 어렵 향후 기업 어떻 재료 수급 영향 지속 모니터링 것 말 배옥진 디스플레이 윤 건일 전자 부품,IT/과학
서울 자 한 국당 나경 원 원내 대표 일 오전 서울 여의도 국회 예방 박영선 중소벤 처 기업부 장관 악수 후 자리 저작,정치
공영 홈쇼핑 일 아리랑국 방 송아리 랑 국내 우수 중소기업 제품 홍보 광고 판로 지원 양해 각서 교환 양사 우수 기술력 제품 보유 해외 진출 어려움 중소기업 협력 온라인 매체 활용 중소 기업 소상 공 제품 홍보 프로그램 제작 아리랑 글로벌 네트워크 적극 활용 상품 홍보 해외 수출 지원 해외 접 매 유도 방안 판매 시스템 구축 검토 예정 최창희 공영 홈 쇼핑 대표 아리랑 글로벌 네트워크 해외 진출 모색 중소기업 새롭 기회 것 국내 우수 중소기업 해외 수 최선 하 말 왼쪽 최창희 공영 홈 쇼핑 대표 박영선 중소벤 처 기업부 장관 이승열 아리 랑 사장 윤희석 유통,IT/과학
서울 자 한 국당 나경 원 원내 대표 일 오전 서울 여의도 국회 예방 박영선 중소벤 처 기업부 장관 악수 저작,정치
창원마산진해 비율 인사 어려움 지역균형 인사 고려 창원시청 전경 경남 창원시 월 정기 인사 때 년 적용 창원마산진 해 지역 안배 원칙 창원시 지난달 말 공개 월 정기 인사 사전 예고 급 급 승진 인사 때 지역 안배 원칙 폐지 방침 지역 안배 급 이상 승진 창원시마산 시진해시 출신 공무원 비율 임명 것 년 창원마산진 해시 통합 창원시 출범 때 출신 지역 인사 이익 제도 지난해 년 명 전임 시장 인사 원칙 크 틀 지난해 취임 허성무 시장 지역 안배 인사 크 틀 데 어려움 통합 후 년 지역 안배 원칙 완화 방침 허 시장 방침 창원시 지난해 월 올해 월 정기 인사 때 급급 승진 순차 지역 안배 원칙 폐지 이번 월 인사 급 승진 인사 때 지역 안배 원칙 폐지 창원시 지역 균형 인사 고려 여성 소수 직렬 배려 원칙 강조 창원시 이번 인사 위원회 등 중순 월 정기 인사 마무리 예정,IT/과학
국내 법원 기존 인정 게임 규칙 구성 요소 저작 보호 대상 수 판단 지나치 구조 동 모방 게임 저작 침해 소송 수 전망 일 관련 업계 법원 부주심 조희대 법관 킹닷컴 아 보카 엔터테인먼트 상대 제기 저작 침 해금지 등 청구 소송 원심 기 환송 서울고등 법원 서울고등법 원 년 월 킹닷컴 주장 아보카 엔터테인먼 트 포레스트매니아 팜히어로사 가 저작 침해 주장 저작 위반 부정 경쟁 행위 판결 법원 원 고킹닷 컴 모바 게임 선행 게임 구별 창작 개성 저작물 보호 대상 수 피고아보카 도 엔터테인먼트 게임 실질 유사 인정 설명 기존 게임물 저작 소송 게임물 구성 구성 요소 각각 구체 표현 창작성 고려 게임 규칙 구조 등 게임 흐름 구성 아이디어 저작 보호 대상 실제 포레스트매 니아 팜히어로사 개 블록 매칭 규칙 방해 악당 캐릭터 존재 등 게임 구조 유사 높 평가 이 킹닷컴 년 월 아 보카 엔터테인먼트 상대 소송 제기 킹닷컴 년 월 일부 승소 판결 저작 침해 아 보카 엔터테인먼트 부정 경쟁 행위 년 월 심 저작 침해 부정 경쟁 행위 법원 팜히어로사 가 주요 구성 요소 선택 배열 유기 조합 창작 표현 형식 저작 보호 대상 판단 법원 원고 게임물 개발자 그동안 축적 게임 개발 경험 지식 바탕 게임물 성격 필요 판단 요소 선택 나름 제작 의도 배열 조합 것 개별 구성 요소 창작 인정 여부 별개 특정 제작 의도 시나리오 기술 구현 주요 구성 요소 선택 배열 유기 조합 선행 게임물 구별 창작 개성 저작물 보호 대상 수 설명 반면 포 레스트매니아 등장 캐릭터 외형 소재 등 변경 뿐 캐릭터 구성 구성 요소 조합 규칙 순서 등 팜히어로사 가 주요 구성 요소 선택 배열 조합 사용 지적 법원 방해 규칙 전개 표현 형식 캐릭터 사용 게임물 사용자 원고 게임물 캐릭터 느낌 강조 이번 판결 게임 저작 분쟁 크 영향 전망 기존 게임 유행 게임 규칙 구성 흐름 유사 게임 다수 개발 사례 흔하 과정 일부 게임 경우 지나치 유사 표절 비판 개별 표현 동일 저작 침해 인정,IT/과학
세종 일 오전 정부 세종 청사 김현준 신임 국세 청장 취임식 김 청장 취임 선서 저작,정치
기획 재정부 부이사관 승진 조세 정책 과장 조만희 공공 정책 총괄 과장 정향우 국제 금융 과장 유병희,IT/과학
북한 조선중앙통신 도널드 트럼프 미국 대통령 김정 국무 위원장 판문점 회담 사실 일 보도 중앙 통신 이날 김정 동지 월 일 오후 도널드 트럼프 미합 중국 대통령 제의 판문점 역사 상봉 통신 이번 회동 남측 방문 트 럼 프 대통령 요청 전격 통신 하루 남짓 시간 동안 지구촌 눈 귀 조선반 문 재 대통령 일 오후 판문점 남측 자유 집 앞 도널드 트럼프 미국 대통령 회담 북한 김정 국무 위원장 악수 끝 기획 풀뿌리상 네이 버 채널 구독,IT/과학
세종 일 오전 정부 세종 청사 김현준 신임 국세 청장 취임식 김 청장 직원 박수 입장 저작,정치
년 대한치과보 철학회 이상 사용자 명 대상 관리 실태 조사 결과 국내 사용자 명 중 명 해당 가 틀니 사용 후 잇몸 염증 출혈 구취 등 구강 증상 경험 것 같 증상 관리법 때문 발생 틀니 때 치약 사용 치약 연마제 성분 때문 레 진 등 플라스틱 재질 표면 금 마모 현상 수 이렇 경우 틈새 구내염 구취 유발 세균 번식 수 위험 틀니 때 부드럽 재질 니 전용 칫솔 사용 물 뜨겁 물 찬물 전용 세정제 보관 취침 전 틀니 틀 등 손상 수 부분 틀니 사용 경우 치아 양치 잇몸 혀 입천장 것 중요 제의 치아라 자신 치아 상태 조건 틀니 올바르 사용 오복 중 하나 치아 건강 정보 충전,IT/과학
과학 기술 정보통신부 한국 캐나다 과학 기술 국제 협력 플랫폼인 홈페이지 오픈 일 홈페이지 캐나다 과학 기술 동향 연구 기관 현황한인과학자 정보 등 국내 소개 국내 채용 정보 사업공고연구 기관 정보 제공 한국 캐나다 과학 기술 분야 협력 활성 개설 캐나다 협업 기관 개인 연구자 누구 홈페이지 연구 제안서 게시 캐나다 한인 연구자 공동 연구 등 협업 장 활용 수 캐나 한 과학 기술자협 회 요청 과학 기술 정보통신부 지원 한국 과학 기술 정보연구원 개발 등록 회원 천명 개 지역 지부 운영 캐나다 과 학기술자 협 회 년 한국 캐나다 과학 기술 발전 기여 것 목적 설립 캐나다 거주 한인 과학자 교류 젊 한인 과학 기술 분야 진출 지원,IT/과학
,IT/과학
서울청년 자치정부 일 청년 정책 해커톤 개최 운 상 가청년 창업가 유치 도심재생 진입 안착 투트 랙 뉴딜일자리초기 투 자매칭 제안 일자리 예산 억 평등 억 결정 주거 복지 일 오전 서울 동대문구 서울 시립 대 주년 기념관 제회 서울청년시 민회 해커톤 참여 청년 정책 토론 서울특별시 청년청 서울시 월 청년 자치 정부 출범 청년 당사자 목소리 시정 반영 수 민관 협력거버넌스 강화 일자리 경제 교통 환경 문화 교육 평등 다양 복지 안 전망 민주주의 도시 주거 건강 등 개 분 산하 개 소주 모임 명 청년 시민 위원 오프라인 멤버 활동 온라인 활동 청년 정책 패널 명 김영경 서울시 청년 청장 서울시 청년 자치 정부 준정부 권한 정책 기획 예산 편성 실질 권한 청년 행사 전례 없 정부 시민 협력 모델 일정 예산 범위 내 청년 당사자 주도 독립 예산 편성 절차인 청년자율 예산제 운영 설명 올해 청년 자율 예산제 편성 규모 억원 시정숙의 억 원 자치 구숙의형 억원 구성 시정숙의 억 원 분과숙의 억원 특별 기획 억 원 이번 분과숙의 억 원 구체 편성안 결정 박일경,IT/과학
등 표준 제안 국제회의 세계 채택 지난달 회의 주재 한국 국가 대표단 수석 대표 김형수 박사 오른쪽 번 워 킹파 티 의장단 유플러 스 우리나라 제안 양자암호 통신기술 지난달 스위스 제네바 국제 전 기통신연합 전기 통신 표준화부문 스터디그룹 국제회의 국제 표준 예비 승인 일 이 나 양자암호 통신 분야 세계 최초 채택 표준 이후 회원국 간 회람 반대 의견 없 경우 최종 채택 전망 이번 표준 와 유플러 스 한국과학기 술 연구원 한국전자통 신연구원 등 제안 것 이후 국내 개 기관 세계 여개 회원사 주도 표준 활동 참여 승인 표준 양 자 암 호 통신 네트워크 구성 필요 계층 모델 기능 구성 요소 등 정의 것 유플러스 양 자 암 호 통신 분야 사업자 제조사 관점 영역 고려 새롭 표준 기준 데 중요 의미 설명 이번 표준 개발 특허 부분 확인 기술 독점 해결 양 자암호 통신 분야 국제 표준화 주도 기존 외산 장비 업체 통신사 서비스 위주 전환 시장 선도 수 강조 향후 개발 양 자암호 통신 표준 이번 프레 임워크 바탕 세부 구조 키 관리 망관리제어 등 과제 년 월 완성 예정 전홍범 융합 기술원장 부사장 이번 양자암 호 통신 네트워크 기술 세계 최초 표준 승인 국내 기술 국제 표준 반영 추진 향후 미래 기술 하나 새롭 보안 플랫폼인 양 자 암 호 통신 네트워크 기술 발전 노력 예정 말,IT/과학
스피커 만대 스마 트공장 개 차 산업 혁명 추진 상황 국민 공유 정부 세대 통신 상 용 이후 가입자 수 핵심 제품 서비스 확산 정도 수 지표 공개 산업 혁명 추진 경과 국민 공유 이해 것 정부 설명 과학 기술 정보통신부 인공 지능 스피커 드론자율 주행차 핀테크 사업체 스마트 공장 등 분야 차 산업 혁명 지표 일 발표 이동 통신 사 네이 버 카카오 판매 스피커 대수 만 전년 대비 배 이상 사물 인터넷 서비스 가입 수 건 전년 대비 증가 가입자 수 만명 돌파 서비스 개발 때 누구 활용 수 정부 개발 개방 프로그램 이용수 만건 전년 대비 배 상승 전문 기업 수도 전년 증가 개 조사 애플 글 앱 장터 가상현실 증강 현실 수 건 집계 자율 주행 자동차용 정밀 지도 구축 범위 자율차 첨단 도로 시스템 구축 규모 로 전년 대비 증가 자율 주행차 운행 국토부 임시 운행 허가 차량 대로 전년 스마트공장 개 조사 정부 년 만개 구축 계획 외 간편 결제 간편송금 서비스 이용 실적 일평균 것 억 원 전년 대비 건수 금애 개 카카오뱅크 케이뱅크 등 인터넷 전문 은행 계좌 수 가입 자수 계좌 명 전년 대비 증가 핀테크 업체 수 전년 증가 개 과기 정통부 관계자 이번 차 산업 혁명 추진 지표 국민 변화 수치 쉽 차 산업 혁명 수 계기 앞 우리나라 차 산업 혁명 추진 수 국민 협조 관심 부탁 말,IT/과학
중계 화면 투수 타자 등 정보 눈 경기 파악 용 유플러 스 프로 야구 중계 도입 유플러스 일 프로 야구 포스트 시즌 종료 시 프로 야구 데이터 그래픽 활용 입체 중계 서비스 시작 일 입체 중계 경기 중 실시간 투구 타구 주루 수비 궤적 등 그래픽 데이터 결합 제공 서비스 화면 그래픽 데이터 과정 후 생중계 중 리플레이 제공 방식 경기 종료 후 하이라이 트 수 스트라이크 스윙 삼진 같 투구 구종 구속 회전수 특이 사항 등 데이터 공의 궤적 중계 화면 그래픽 눈 확인 수 홈런 안타 등 타구 속도 발사각 거리 특이 사항 데이터 제공 도루 접전 상황 주루 플레이 시 이동 거리 이동 시간 속도 발 스타트 등 데이터 하나 영상 시청 수 올해 새롭 경기장 구석구석 곳 자유 확대 경기장 줌 카메라 촬영 타석 영상 고객 시청 홈 밀착 영상 등 세대 특화 기능 입체 중계 서비스 유용 중계 서비스 제공 야구 팬 호응 높 것 예상 이번 서비스 일 포스트 시즌 종료 시 스포 중계 개 경기 중 하나 경기 적용 일 경기 제공 프로 야구 모바일 나 프로 야구 메뉴 입체 중계 서비스 경험 수 주영 준 유플러 스 모바일서비스담당 지난해 시범 서비스 제공 후 기존 수 없 새롭 중계 높 호응 올해 많 경기 제공 새롭 볼거리 지속 발굴 고객 만족도 예정,IT/과학
,IT/과학
,IT/과학
이번 회의 주재 한국 국가 대표단 수석 대표 김형수 박사 워킹파티 의장단 모습 유플러스 월일 일 스위스 제네바 개최 국제 전 기통신연합 전기 통신 표준화부문 스터디그룹 국제회의 암호 통신 네트워크 프레임워크 권고안 건 국제 표준 예비 승인 일 나 양자암호 통신 분야 세계 최초 채택 표준 이후 회원국 간 회람 반대 의견 없 경우 이번 안건 최종 채택 전망 이번 표준 유 플 러스 한국 학 기 술 연구원 한국전자통 신연구원 등 제안 개발 시작 이후 국내 개 기관 세계 여개 회원사 주도 활동 참여 결과다 이번 승인 표준 양 자 암 호 통신 네트워크 구성 필요 계층 모델 기능 구성 요소 등 정의 것 논란 여지 많 양 자암호 통신 분야 사업자 제조사 관점 영역 고려 새롭 표준 기준 의미 이번 표준 개발 특허 부분 확인 기술 독점 해결 수 양 자암호 통신 분야 국제 표준화 주도 기존 외산 장비 업체 통신사 서비스 위주 전환 시장 수 이 양자 암호 통 신 시장 해외 대 기업 경쟁 국내 기술 우위 확보 국내 업체 해외 진출 가능 것 전망 향후 개발 표준 이번 프레 임워크 바탕 진행 과제 년 월 표준 완성 예정 지속 성공 국제 표준 우리나라 에 양 자 암 호 통신 분야 기술력 국내 기술 국제 입지 방침 유플러 스 서비스 제공 사업자 중요 양 자 암호 네트워크 관리 제어 분야 에디터 표준 주도 진행 계획 이번 회의 참석 표준 성과 최준균 교수 앞 등장 인공 지능 기반 지능 사이버 사회 안전 신뢰 수 사이버 생태 수 우리나라 양자암 호 기술 기반 표준 주도 쾌거,IT/과학
사물 인터넷 서비스 가입자 천 만 개 과기 정통부 분야 차 산업 혁명 지표 발표 이동 통신 사 네이 버 카카오 판매 인공 지능 스피커 만 년새 배 이상 증가 차산업혁명 근간 초연결 사회 진입 현황 수 사물 인터넷 서비스 가입 수 천만 개 과학 기술 정보통신부 스피커네트워크 드론자율 주행차이동체 핀테크 사업체금융물 스 마 트 공장 제조 등 분야 차산업 혁명 지표 일 발표 월 말 이동 통신 사 네 이버카카오 연결 지능 네트워크 스피커 누적대수 만 작년 동기 증가 작년 월 말 원격 검침 사물 간 통신 홈네트워크 등 사물 인터넷 서비스 가입 천만 개 전년 같 기간 올해 월 세계 최초 상용 세대 이동 통신 가입자 수 월 일 만 명 돌파 올해 처음 서비스 기 인터넷망 전국 인터넷 가능 지역 새롭 서비스 개발 때 누구 활용 수 정부 개발 개방 인공 지능 프로그램오 이 용 수 천 만 건 전년 대비 배 상승 차산업혁명 핵심 동력 지능 기술 관련 인공 지능 전문 기업 년 곳 증가 월 말 앱스토 어 구 플레이 스토어 등 앱마켓 가상현실 증강 현실 앱 업로 드 수 천건 채널,IT/과학
정상 회담 공동 회견 문재 대통령 일 한미 정상 회담 회견 신남 방정책 인도태평양 전략 조화 협력 추진 것 문 대통령 트 럼프 행정부 새롭 아시아태평양 전략 제시 인도태평양 전략 협조 공개 것 처음 인도태평양 구상 미국 일본 인도 호주 등 협력 강화 중국 군사 부상 견제 것 골자 동남아시아 유럽 아프리카 연결 시진핑 주석 일대일로육해상 실크 로드 구상 맞대응 측면 강하 도널드 트럼프 대통령 정상 회담 경제 균형 무역 군사 등 이야기 주한 미군 방위비 분담금 증액 등 우리 정부 압박 가능 제기,IT/과학
