기여,,,,NNP,*,T,기여,*,*,*,*,*
선거권연령,,,,NNP,*,F,선거권연령,*,*,*,*,*
전자서명,,,,NNP,*,F,전자서명,*,*,*,*,*
배정된시간,,,,NNP,*,F,배정된시간,*,*,*,*,*
선거구획정,,,,NNP,*,F,선거구획정,*,*,*,*,*
선거운동용소품,,,,NNP,*,F,선거운동용소품,*,*,*,*,*
지방공사,,,,NNP,*,T,지방공사,*,*,*,*,*
벌금형,,,,NNP,*,F,벌금형,*,*,*,*,*
후원회사무소,,,,NNP,*,T,후원회사무소,*,*,*,*,*
장애인추천보조금,,,,NNP,*,F,장애인추천보조금,*,*,*,*,*
원천징수의무자,,,,NNP,*,T,원천징수의무자,*,*,*,*,*
당내경선후보자,,,,NNP,*,T,당내경선후보자,*,*,*,*,*
기탁,,,,NNP,*,F,기탁,*,*,*,*,*
국민투표안공고일,,,,NNP,*,F,국민투표안공고일,*,*,*,*,*
인터넷언론사의선거보도내용이의신청,,,,NNP,*,F,인터넷언론사의선거보도내용이의신청,*,*,*,*,*
당원집회,,,,NNP,*,T,당원집회,*,*,*,*,*
보도전문편성의방송채널사업자,,,,NNP,*,T,보도전문편성의방송채널사업자,*,*,*,*,*
비밀엄수의무,,,,NNP,*,T,비밀엄수의무,*,*,*,*,*
부담금,,,,NNP,*,F,부담금,*,*,*,*,*
당선인재결정,,,,NNP,*,F,당선인재결정,*,*,*,*,*
대행,,,,NNP,*,F,대행,*,*,*,*,*
당대표경선선거인명부,,,,NNP,*,T,당대표경선선거인명부,*,*,*,*,*
가족,,,,NNP,*,F,가족,*,*,*,*,*
정당의당원,,,,NNP,*,F,정당의당원,*,*,*,*,*
등록대장,,,,NNP,*,F,등록대장,*,*,*,*,*
기관시설안의기표소,,,,NNP,*,T,기관시설안의기표소,*,*,*,*,*
공급가액,,,,NNP,*,F,공급가액,*,*,*,*,*
입당,,,,NNP,*,F,입당,*,*,*,*,*
예비후보자등록신청개시일,,,,NNP,*,F,예비후보자등록신청개시일,*,*,*,*,*
경상보조금,,,,NNP,*,F,경상보조금,*,*,*,*,*
변조,,,,NNP,*,T,변조,*,*,*,*,*
본선거,,,,NNP,*,T,본선거,*,*,*,*,*
납입절차,,,,NNP,*,T,납입절차,*,*,*,*,*
발송신청자,,,,NNP,*,T,발송신청자,*,*,*,*,*
이익의몰수,,,,NNP,*,T,이익의몰수,*,*,*,*,*
부과액,,,,NNP,*,F,부과액,*,*,*,*,*
상당하는가액,,,,NNP,*,F,상당하는가액,*,*,*,*,*
방송채널사용사업,,,,NNP,*,F,방송채널사용사업,*,*,*,*,*
정강･정책구호,,,,NNP,*,T,정강･정책구호,*,*,*,*,*
외국인등록대장,,,,NNP,*,F,외국인등록대장,*,*,*,*,*
관할구역,,,,NNP,*,F,관할구역,*,*,*,*,*
호별방문,,,,NNP,*,F,호별방문,*,*,*,*,*
해산,,,,NNP,*,F,해산,*,*,*,*,*
무료전송서비스,,,,NNP,*,T,무료전송서비스,*,*,*,*,*
대통령선거경선,,,,NNP,*,F,대통령선거경선,*,*,*,*,*
소명,,,,NNP,*,F,소명,*,*,*,*,*
선거소청심리,,,,NNP,*,T,선거소청심리,*,*,*,*,*
외국인등록증,,,,NNP,*,F,외국인등록증,*,*,*,*,*
예비후보자공약집,,,,NNP,*,F,예비후보자공약집,*,*,*,*,*
후원회지정권자,,,,NNP,*,T,후원회지정권자,*,*,*,*,*
5선,,,,NNP,*,F,5선,*,*,*,*,*
중계유선방송사업자,,,,NNP,*,T,중계유선방송사업자,*,*,*,*,*
개표,,,,NNP,*,T,개표,*,*,*,*,*
거래정보등,,,,NNP,*,F,거래정보등,*,*,*,*,*
비거주자,,,,NNP,*,T,비거주자,*,*,*,*,*
개표상황표,,,,NNP,*,T,개표상황표,*,*,*,*,*
가액평가,,,,NNP,*,T,가액평가,*,*,*,*,*
확성장치,,,,NNP,*,T,확성장치,*,*,*,*,*
경감,,,,NNP,*,F,경감,*,*,*,*,*
인용결정,,,,NNP,*,F,인용결정,*,*,*,*,*
불기소처분,,,,NNP,*,F,불기소처분,*,*,*,*,*
사위투표,,,,NNP,*,T,사위투표,*,*,*,*,*
통상적인거래가격,,,,NNP,*,F,통상적인거래가격,*,*,*,*,*
징역형,,,,NNP,*,F,징역형,*,*,*,*,*
당사자,,,,NNP,*,T,당사자,*,*,*,*,*
압수,,,,NNP,*,T,압수,*,*,*,*,*
개함부,,,,NNP,*,T,개함부,*,*,*,*,*
지역구시도의회의원후보자,,,,NNP,*,T,지역구시도의회의원후보자,*,*,*,*,*
녹화기,,,,NNP,*,T,녹화기,*,*,*,*,*
후원회명칭,,,,NNP,*,F,후원회명칭,*,*,*,*,*
지역구,,,,NNP,*,T,지역구,*,*,*,*,*
잔여재산처분,,,,NNP,*,F,잔여재산처분,*,*,*,*,*
당대표경선등의자유방해죄,,,,NNP,*,T,당대표경선등의자유방해죄,*,*,*,*,*
공관개표,,,,NNP,*,T,공관개표,*,*,*,*,*
특정직공무원,,,,NNP,*,F,특정직공무원,*,*,*,*,*
경선투표,,,,NNP,*,T,경선투표,*,*,*,*,*
매각결정의취소,,,,NNP,*,T,매각결정의취소,*,*,*,*,*
당원자격상실,,,,NNP,*,F,당원자격상실,*,*,*,*,*
지역구국회의원,,,,NNP,*,F,지역구국회의원,*,*,*,*,*
검거활동,,,,NNP,*,F,검거활동,*,*,*,*,*
복무분야,,,,NNP,*,T,복무분야,*,*,*,*,*
당비납부제도,,,,NNP,*,T,당비납부제도,*,*,*,*,*
경력방송,,,,NNP,*,F,경력방송,*,*,*,*,*
개표결과,,,,NNP,*,T,개표결과,*,*,*,*,*
세종특별자치시장,,,,NNP,*,F,세종특별자치시장,*,*,*,*,*
기호,,,,NNP,*,T,기호,*,*,*,*,*
경매,,,,NNP,*,T,경매,*,*,*,*,*
부담비용산정,,,,NNP,*,F,부담비용산정,*,*,*,*,*
동행요구,,,,NNP,*,T,동행요구,*,*,*,*,*
후보자간약정,,,,NNP,*,F,후보자간약정,*,*,*,*,*
무통장입금,,,,NNP,*,F,무통장입금,*,*,*,*,*
선거인명부작성기간만료일,,,,NNP,*,F,선거인명부작성기간만료일,*,*,*,*,*
선거인명부작성전산자료,,,,NNP,*,T,선거인명부작성전산자료,*,*,*,*,*
국회의원후보자등후원회,,,,NNP,*,T,국회의원후보자등후원회,*,*,*,*,*
경선기간,,,,NNP,*,F,경선기간,*,*,*,*,*
선거관리여건,,,,NNP,*,F,선거관리여건,*,*,*,*,*
업적을홍보하는행위,,,,NNP,*,T,업적을홍보하는행위,*,*,*,*,*
복무기관,,,,NNP,*,F,복무기관,*,*,*,*,*
합동연설회,,,,NNP,*,T,합동연설회,*,*,*,*,*
인신공격,,,,NNP,*,F,인신공격,*,*,*,*,*
기부방법,,,,NNP,*,F,기부방법,*,*,*,*,*
선거기간,,,,NNP,*,F,선거기간,*,*,*,*,*
연설원,,,,NNP,*,F,연설원,*,*,*,*,*
당내경선사무의위탁,,,,NNP,*,F,당내경선사무의위탁,*,*,*,*,*
결정통지서,,,,NNP,*,T,결정통지서,*,*,*,*,*
선상투표관리기록부,,,,NNP,*,T,선상투표관리기록부,*,*,*,*,*
선거비용지출,,,,NNP,*,F,선거비용지출,*,*,*,*,*
여권의효력상실,,,,NNP,*,F,여권의효력상실,*,*,*,*,*
관할선거구선거관리위원회,,,,NNP,*,T,관할선거구선거관리위원회,*,*,*,*,*
등록기준지,,,,NNP,*,T,등록기준지,*,*,*,*,*
소득액,,,,NNP,*,F,소득액,*,*,*,*,*
개인정보,,,,NNP,*,T,개인정보,*,*,*,*,*
선거관리위원회사무소,,,,NNP,*,T,선거관리위원회사무소,*,*,*,*,*
대한민국헌법,,,,NNP,*,F,대한민국헌법,*,*,*,*,*
후원회연락소,,,,NNP,*,T,후원회연락소,*,*,*,*,*
선거사무장,,,,NNP,*,F,선거사무장,*,*,*,*,*
승계,,,,NNP,*,T,승계,*,*,*,*,*
선거인명부작성기간,,,,NNP,*,F,선거인명부작성기간,*,*,*,*,*
간인,,,,NNP,*,F,간인,*,*,*,*,*
후보자선출대회,,,,NNP,*,T,후보자선출대회,*,*,*,*,*
변형,,,,NNP,*,F,변형,*,*,*,*,*
대통령당선자,,,,NNP,*,T,대통령당선자,*,*,*,*,*
전자우편전송대행업체,,,,NNP,*,T,전자우편전송대행업체,*,*,*,*,*
기탁금기탁서,,,,NNP,*,T,기탁금기탁서,*,*,*,*,*
상고권,,,,NNP,*,F,상고권,*,*,*,*,*
납부금액,,,,NNP,*,F,납부금액,*,*,*,*,*
재외투표,,,,NNP,*,T,재외투표,*,*,*,*,*
노동조합,,,,NNP,*,F,노동조합,*,*,*,*,*
직권남용,,,,NNP,*,F,직권남용,*,*,*,*,*
연기된선거,,,,NNP,*,T,연기된선거,*,*,*,*,*
교육의원선거,,,,NNP,*,T,교육의원선거,*,*,*,*,*
여권발급제한,,,,NNP,*,F,여권발급제한,*,*,*,*,*
야간연설,,,,NNP,*,F,야간연설,*,*,*,*,*
방송시간대,,,,NNP,*,T,방송시간대,*,*,*,*,*
투표용지작성관리록,,,,NNP,*,F,투표용지작성관리록,*,*,*,*,*
선거기탁금,,,,NNP,*,F,선거기탁금,*,*,*,*,*
대사관,,,,NNP,*,F,대사관,*,*,*,*,*
정치자금영수증원부,,,,NNP,*,T,정치자금영수증원부,*,*,*,*,*
유사명칭,,,,NNP,*,F,유사명칭,*,*,*,*,*
동호인회,,,,NNP,*,T,동호인회,*,*,*,*,*
연락소책임자,,,,NNP,*,T,연락소책임자,*,*,*,*,*
투표개시시각,,,,NNP,*,F,투표개시시각,*,*,*,*,*
개표단위,,,,NNP,*,T,개표단위,*,*,*,*,*
여성후보자추천,,,,NNP,*,F,여성후보자추천,*,*,*,*,*
특수일간신문,,,,NNP,*,F,특수일간신문,*,*,*,*,*
전자선거추진협의회,,,,NNP,*,T,전자선거추진협의회,*,*,*,*,*
선상투표자,,,,NNP,*,T,선상투표자,*,*,*,*,*
결성신고사항,,,,NNP,*,F,결성신고사항,*,*,*,*,*
자치구시군,,,,NNP,*,F,자치구시군,*,*,*,*,*
범인,,,,NNP,*,F,범인,*,*,*,*,*
등록신청,,,,NNP,*,F,등록신청,*,*,*,*,*
비례대표,,,,NNP,*,T,비례대표,*,*,*,*,*
수임자,,,,NNP,*,T,수임자,*,*,*,*,*
득표율,,,,NNP,*,F,득표율,*,*,*,*,*
후원회회계책임자,,,,NNP,*,T,후원회회계책임자,*,*,*,*,*
명칭변경,,,,NNP,*,F,명칭변경,*,*,*,*,*
외국인입국금지,,,,NNP,*,T,외국인입국금지,*,*,*,*,*
당선인공고,,,,NNP,*,T,당선인공고,*,*,*,*,*
경위서,,,,NNP,*,T,경위서,*,*,*,*,*
기권방지,,,,NNP,*,T,기권방지,*,*,*,*,*
비례대표시도의회의원,,,,NNP,*,F,비례대표시도의회의원,*,*,*,*,*
현판,,,,NNP,*,F,현판,*,*,*,*,*
국회의원당선인후원회,,,,NNP,*,T,국회의원당선인후원회,*,*,*,*,*
시도선거방송토론위원회위원장,,,,NNP,*,F,시도선거방송토론위원회위원장,*,*,*,*,*
주민등록표등본,,,,NNP,*,F,주민등록표등본,*,*,*,*,*
신체장애등급표,,,,NNP,*,T,신체장애등급표,*,*,*,*,*
국회의석수비율,,,,NNP,*,F,국회의석수비율,*,*,*,*,*
매각,,,,NNP,*,F,매각,*,*,*,*,*
금품,,,,NNP,*,F,금품,*,*,*,*,*
결성신고,,,,NNP,*,T,결성신고,*,*,*,*,*
양벌규정,,,,NNP,*,F,양벌규정,*,*,*,*,*
도의원,,,,NNP,*,F,도의원,*,*,*,*,*
매수대금의납부최고,,,,NNP,*,T,매수대금의납부최고,*,*,*,*,*
보전비용의인계,,,,NNP,*,T,보전비용의인계,*,*,*,*,*
중앙당창당준비위원회,,,,NNP,*,T,중앙당창당준비위원회,*,*,*,*,*
시의원,,,,NNP,*,F,시의원,*,*,*,*,*
사행성,,,,NNP,*,F,사행성,*,*,*,*,*
지역구국회의원후보자,,,,NNP,*,T,지역구국회의원후보자,*,*,*,*,*
당대표경선등,,,,NNP,*,F,당대표경선등,*,*,*,*,*
고의,,,,NNP,*,T,고의,*,*,*,*,*
교체요구,,,,NNP,*,T,교체요구,*,*,*,*,*
국민투표실시경비,,,,NNP,*,T,국민투표실시경비,*,*,*,*,*
소청장,,,,NNP,*,F,소청장,*,*,*,*,*
고시,,,,NNP,*,T,고시,*,*,*,*,*
가산액,,,,NNP,*,F,가산액,*,*,*,*,*
단순한의견개진,의사표시,,,,NNP,*,T,단순한의견개진,의사표시,*,*,*,*,*
후원회자격상실,,,,NNP,*,F,후원회자격상실,*,*,*,*,*
국회의원,,,,NNP,*,F,국회의원,*,*,*,*,*
유지비용,,,,NNP,*,F,유지비용,*,*,*,*,*
후보자정보공개자료,,,,NNP,*,T,후보자정보공개자료,*,*,*,*,*
교육감선거,,,,NNP,*,T,교육감선거,*,*,*,*,*
경고문게재,,,,NNP,*,T,경고문게재,*,*,*,*,*
사건번호,,,,NNP,*,T,사건번호,*,*,*,*,*
읍면동사무소,,,,NNP,*,T,읍면동사무소,*,*,*,*,*
자치구시군의회의원지역선거구,,,,NNP,*,T,자치구시군의회의원지역선거구,*,*,*,*,*
교부신청,,,,NNP,*,F,교부신청,*,*,*,*,*
선임,,,,NNP,*,F,선임,*,*,*,*,*
제3자의기부행위,,,,NNP,*,T,제3자의기부행위,*,*,*,*,*
국적선택신고사실증명서,,,,NNP,*,T,국적선택신고사실증명서,*,*,*,*,*
지역방송사업자,,,,NNP,*,T,지역방송사업자,*,*,*,*,*
선거인명부사본,,,,NNP,*,F,선거인명부사본,*,*,*,*,*
산간오지지역,,,,NNP,*,F,산간오지지역,*,*,*,*,*
수입징수관,,,,NNP,*,F,수입징수관,*,*,*,*,*
부동산,,,,NNP,*,F,부동산,*,*,*,*,*
내국신용장,,,,NNP,*,F,내국신용장,*,*,*,*,*
재산세,,,,NNP,*,T,재산세,*,*,*,*,*
선거공약서,,,,NNP,*,T,선거공약서,*,*,*,*,*
후보자가되려는사람,,,,NNP,*,F,후보자가되려는사람,*,*,*,*,*
보조금의배분,,,,NNP,*,F,보조금의배분,*,*,*,*,*
법정휴일,,,,NNP,*,F,법정휴일,*,*,*,*,*
가격공시,,,,NNP,*,T,가격공시,*,*,*,*,*
추정가액,,,,NNP,*,F,추정가액,*,*,*,*,*
당대표경선,,,,NNP,*,F,당대표경선,*,*,*,*,*
투표의제한,,,,NNP,*,F,투표의제한,*,*,*,*,*
봉함ㆍ봉인,,,,NNP,*,F,봉함ㆍ봉인,*,*,*,*,*
로그기록자료,,,,NNP,*,T,로그기록자료,*,*,*,*,*
기부의제한,,,,NNP,*,F,기부의제한,*,*,*,*,*
투표함,,,,NNP,*,F,투표함,*,*,*,*,*
강제입당,,,,NNP,*,F,강제입당,*,*,*,*,*
결원,,,,NNP,*,F,결원,*,*,*,*,*
전자간행물,,,,NNP,*,F,전자간행물,*,*,*,*,*
정당추천보조위원,,,,NNP,*,F,정당추천보조위원,*,*,*,*,*
당대표경선선거인,,,,NNP,*,F,당대표경선선거인,*,*,*,*,*
문서도화,,,,NNP,*,T,문서도화,*,*,*,*,*
선거벽보경력등에대한이의제기,,,,NNP,*,T,선거벽보경력등에대한이의제기,*,*,*,*,*
기부알선,,,,NNP,*,F,기부알선,*,*,*,*,*
부동표,,,,NNP,*,T,부동표,*,*,*,*,*
선거기간중,,,,NNP,*,F,선거기간중,*,*,*,*,*
선거운동을할수없는자,,,,NNP,*,T,선거운동을할수없는자,*,*,*,*,*
배달증명등기우편,,,,NNP,*,F,배달증명등기우편,*,*,*,*,*
선거벽보,,,,NNP,*,T,선거벽보,*,*,*,*,*
재외선거,,,,NNP,*,T,재외선거,*,*,*,*,*
후보자등록,,,,NNP,*,F,후보자등록,*,*,*,*,*
법률제정,,,,NNP,*,F,법률제정,*,*,*,*,*
지하철역구내,,,,NNP,*,T,지하철역구내,*,*,*,*,*
정당활동정기보고,,,,NNP,*,T,정당활동정기보고,*,*,*,*,*
행정동,,,,NNP,*,F,행정동,*,*,*,*,*
정당명칭,,,,NNP,*,F,정당명칭,*,*,*,*,*
정당가입,,,,NNP,*,F,정당가입,*,*,*,*,*
범인검거,,,,NNP,*,T,범인검거,*,*,*,*,*
당선,,,,NNP,*,F,당선,*,*,*,*,*
국적취득신고사실증명서,,,,NNP,*,T,국적취득신고사실증명서,*,*,*,*,*
사무차장,,,,NNP,*,F,사무차장,*,*,*,*,*
인터넷전자결제시스템,,,,NNP,*,F,인터넷전자결제시스템,*,*,*,*,*
참고인,,,,NNP,*,F,참고인,*,*,*,*,*
신고,,,,NNP,*,T,신고,*,*,*,*,*
복무부대장,,,,NNP,*,F,복무부대장,*,*,*,*,*
의무규정위반죄,,,,NNP,*,T,의무규정위반죄,*,*,*,*,*
녹화,,,,NNP,*,T,녹화,*,*,*,*,*
외국국적,,,,NNP,*,F,외국국적,*,*,*,*,*
시도선거여론조사공정심의위원회위원장,,,,NNP,*,F,시도선거여론조사공정심의위원회위원장,*,*,*,*,*
자물쇠봉쇄･봉인,,,,NNP,*,F,자물쇠봉쇄･봉인,*,*,*,*,*
알선수재,,,,NNP,*,T,알선수재,*,*,*,*,*
사직원,,,,NNP,*,F,사직원,*,*,*,*,*
위성방송시설,,,,NNP,*,F,위성방송시설,*,*,*,*,*
유급당직자,,,,NNP,*,T,유급당직자,*,*,*,*,*
시도선거방송토론위원회사무국,,,,NNP,*,F,시도선거방송토론위원회사무국,*,*,*,*,*
공개장소연설･대담,,,,NNP,*,F,공개장소연설･대담,*,*,*,*,*
서류송달료,,,,NNP,*,T,서류송달료,*,*,*,*,*
선거공보,,,,NNP,*,T,선거공보,*,*,*,*,*
네거티브선거운동,,,,NNP,*,F,네거티브선거운동,*,*,*,*,*
법인사업자,,,,NNP,*,T,법인사업자,*,*,*,*,*
지역구시도의회의원예비후보자,,,,NNP,*,T,지역구시도의회의원예비후보자,*,*,*,*,*
정정보도문,,,,NNP,*,F,정정보도문,*,*,*,*,*
명부작성,,,,NNP,*,F,명부작성,*,*,*,*,*
사무의대행,,,,NNP,*,F,사무의대행,*,*,*,*,*
연간기부한도액,,,,NNP,*,F,연간기부한도액,*,*,*,*,*
방송통신위원회,,,,NNP,*,T,방송통신위원회,*,*,*,*,*
재해보상금,,,,NNP,*,F,재해보상금,*,*,*,*,*
상속세,,,,NNP,*,T,상속세,*,*,*,*,*
국외부재자신고,,,,NNP,*,T,국외부재자신고,*,*,*,*,*
선거비용보전금,,,,NNP,*,F,선거비용보전금,*,*,*,*,*
영수증그밖의증빙서류,,,,NNP,*,T,영수증그밖의증빙서류,*,*,*,*,*
백서발간,,,,NNP,*,F,백서발간,*,*,*,*,*
기탁물건,,,,NNP,*,F,기탁물건,*,*,*,*,*
유료복지시설,,,,NNP,*,F,유료복지시설,*,*,*,*,*
과태료처분대상자,,,,NNP,*,T,과태료처분대상자,*,*,*,*,*
대통령예비후보자,,,,NNP,*,T,대통령예비후보자,*,*,*,*,*
선거의연기,,,,NNP,*,T,선거의연기,*,*,*,*,*
인기투표,,,,NNP,*,T,인기투표,*,*,*,*,*
공익,,,,NNP,*,F,공익,*,*,*,*,*
자격정지,,,,NNP,*,T,자격정지,*,*,*,*,*
본예산,,,,NNP,*,F,본예산,*,*,*,*,*
선거소청,,,,NNP,*,F,선거소청,*,*,*,*,*
검표,,,,NNP,*,T,검표,*,*,*,*,*
선거비용제한액산정비율,,,,NNP,*,F,선거비용제한액산정비율,*,*,*,*,*
정치자금영수증,,,,NNP,*,F,정치자금영수증,*,*,*,*,*
사전투표기간,,,,NNP,*,F,사전투표기간,*,*,*,*,*
거소투표신고인수,,,,NNP,*,T,거소투표신고인수,*,*,*,*,*
기탁금배분,,,,NNP,*,F,기탁금배분,*,*,*,*,*
경력방송원고,,,,NNP,*,T,경력방송원고,*,*,*,*,*
반론보도청구의결정,,,,NNP,*,F,반론보도청구의결정,*,*,*,*,*
지역구자치구시군의회의원선거,,,,NNP,*,T,지역구자치구시군의회의원선거,*,*,*,*,*
공공단체,,,,NNP,*,T,공공단체,*,*,*,*,*
선거무효소송,,,,NNP,*,F,선거무효소송,*,*,*,*,*
대집행,,,,NNP,*,F,대집행,*,*,*,*,*
선거운동정보전송대행업체,,,,NNP,*,T,선거운동정보전송대행업체,*,*,*,*,*
폐치분합,,,,NNP,*,F,폐치분합,*,*,*,*,*
선거구명,,,,NNP,*,F,선거구명,*,*,*,*,*
시도선거관리위원회위원,,,,NNP,*,F,시도선거관리위원회위원,*,*,*,*,*
시도당,,,,NNP,*,F,시도당,*,*,*,*,*
별도법인,,,,NNP,*,F,별도법인,*,*,*,*,*
변경신고,,,,NNP,*,T,변경신고,*,*,*,*,*
포상금심사위원회,,,,NNP,*,T,포상금심사위원회,*,*,*,*,*
읍면동선거관리위원회서기,,,,NNP,*,T,읍면동선거관리위원회서기,*,*,*,*,*
분담내역,,,,NNP,*,F,분담내역,*,*,*,*,*
선거여론조사기준에대한이의신청,,,,NNP,*,F,선거여론조사기준에대한이의신청,*,*,*,*,*
선거제도,,,,NNP,*,T,선거제도,*,*,*,*,*
시도선거방송토론위원회위원,,,,NNP,*,F,시도선거방송토론위원회위원,*,*,*,*,*
외국국적포기확인서,,,,NNP,*,T,외국국적포기확인서,*,*,*,*,*
기초의원,,,,NNP,*,F,기초의원,*,*,*,*,*
자동송신장치,,,,NNP,*,T,자동송신장치,*,*,*,*,*
방송광고,,,,NNP,*,T,방송광고,*,*,*,*,*
기표소,,,,NNP,*,T,기표소,*,*,*,*,*
호선,,,,NNP,*,F,호선,*,*,*,*,*
재외선거인명부,,,,NNP,*,T,재외선거인명부,*,*,*,*,*
수입지출부,,,,NNP,*,T,수입지출부,*,*,*,*,*
등록신청개시일,,,,NNP,*,F,등록신청개시일,*,*,*,*,*
주권의식,,,,NNP,*,F,주권의식,*,*,*,*,*
기탁금수탁증,,,,NNP,*,F,기탁금수탁증,*,*,*,*,*
시도교육청,,,,NNP,*,F,시도교육청,*,*,*,*,*
간사,,,,NNP,*,T,간사,*,*,*,*,*
위탁선거경비,,,,NNP,*,T,위탁선거경비,*,*,*,*,*
문자메시지,,,,NNP,*,T,문자메시지,*,*,*,*,*
제소,,,,NNP,*,T,제소,*,*,*,*,*
거소투표신고인명부,,,,NNP,*,T,거소투표신고인명부,*,*,*,*,*
민원상담,,,,NNP,*,F,민원상담,*,*,*,*,*
신분증명서,,,,NNP,*,T,신분증명서,*,*,*,*,*
외국인등록표,,,,NNP,*,T,외국인등록표,*,*,*,*,*
정당의기구,,,,NNP,*,T,정당의기구,*,*,*,*,*
범죄혐의사실,,,,NNP,*,F,범죄혐의사실,*,*,*,*,*
국민투표기간,,,,NNP,*,F,국민투표기간,*,*,*,*,*
위촉,,,,NNP,*,F,위촉,*,*,*,*,*
양도,,,,NNP,*,T,양도,*,*,*,*,*
견적가격,,,,NNP,*,F,견적가격,*,*,*,*,*
거소,,,,NNP,*,T,거소,*,*,*,*,*
보장,,,,NNP,*,F,보장,*,*,*,*,*
정견,,,,NNP,*,F,정견,*,*,*,*,*
수입지출보고서,,,,NNP,*,T,수입지출보고서,*,*,*,*,*
상근직원,,,,NNP,*,F,상근직원,*,*,*,*,*
면책특권,,,,NNP,*,F,면책특권,*,*,*,*,*
나용선,,,,NNP,*,F,나용선,*,*,*,*,*
재외투표소,,,,NNP,*,T,재외투표소,*,*,*,*,*
시정명령,,,,NNP,*,F,시정명령,*,*,*,*,*
상고이유,,,,NNP,*,T,상고이유,*,*,*,*,*
선상투표,,,,NNP,*,T,선상투표,*,*,*,*,*
선박관리업,,,,NNP,*,F,선박관리업,*,*,*,*,*
대표의원,,,,NNP,*,F,대표의원,*,*,*,*,*
투표참관인,,,,NNP,*,F,투표참관인,*,*,*,*,*
대통령선거경선후보자,,,,NNP,*,T,대통령선거경선후보자,*,*,*,*,*
투표용지발급기,,,,NNP,*,T,투표용지발급기,*,*,*,*,*
정당의지원금,,,,NNP,*,F,정당의지원금,*,*,*,*,*
결성,,,,NNP,*,F,결성,*,*,*,*,*
모의투표,,,,NNP,*,T,모의투표,*,*,*,*,*
사전수뢰,,,,NNP,*,T,사전수뢰,*,*,*,*,*
개표참관인,,,,NNP,*,F,개표참관인,*,*,*,*,*
당선인의선거범죄,,,,NNP,*,T,당선인의선거범죄,*,*,*,*,*
영내,,,,NNP,*,T,영내,*,*,*,*,*
일간신문,,,,NNP,*,F,일간신문,*,*,*,*,*
명부열람,,,,NNP,*,F,명부열람,*,*,*,*,*
당원,,,,NNP,*,F,당원,*,*,*,*,*
지방자치단체장,,,,NNP,*,F,지방자치단체장,*,*,*,*,*
방송문화진흥회,,,,NNP,*,T,방송문화진흥회,*,*,*,*,*
당내경선선거인,,,,NNP,*,F,당내경선선거인,*,*,*,*,*
방송시설이용료,,,,NNP,*,T,방송시설이용료,*,*,*,*,*
당적,,,,NNP,*,F,당적,*,*,*,*,*
정치자금수입지출보고서,,,,NNP,*,T,정치자금수입지출보고서,*,*,*,*,*
말소,,,,NNP,*,T,말소,*,*,*,*,*
예비후보자,,,,NNP,*,T,예비후보자,*,*,*,*,*
여성후보자추천보조금,,,,NNP,*,F,여성후보자추천보조금,*,*,*,*,*
재결,,,,NNP,*,F,재결,*,*,*,*,*
선거의일부무효,,,,NNP,*,T,선거의일부무효,*,*,*,*,*
의석수,,,,NNP,*,T,의석수,*,*,*,*,*
번호지,,,,NNP,*,T,번호지,*,*,*,*,*
정당,,,,NNP,*,F,정당,*,*,*,*,*
수학기간,,,,NNP,*,F,수학기간,*,*,*,*,*
공연성,,,,NNP,*,F,공연성,*,*,*,*,*
다수대표제,,,,NNP,*,T,다수대표제,*,*,*,*,*
사무처장,,,,NNP,*,F,사무처장,*,*,*,*,*
공명선거추진활동,,,,NNP,*,F,공명선거추진활동,*,*,*,*,*
세종특별자치시의회의원지역선거구,,,,NNP,*,T,세종특별자치시의회의원지역선거구,*,*,*,*,*
선거범죄단속조사경비,,,,NNP,*,T,선거범죄단속조사경비,*,*,*,*,*
개방형비례대표제도,,,,NNP,*,T,개방형비례대표제도,*,*,*,*,*
정규학력,,,,NNP,*,F,정규학력,*,*,*,*,*
총선,,,,NNP,*,F,총선,*,*,*,*,*
민주공화국,,,,NNP,*,F,민주공화국,*,*,*,*,*
구내방송,,,,NNP,*,F,구내방송,*,*,*,*,*
금융거래자료,,,,NNP,*,T,금융거래자료,*,*,*,*,*
경선후보자,,,,NNP,*,T,경선후보자,*,*,*,*,*
병역사항확인의뢰서,,,,NNP,*,T,병역사항확인의뢰서,*,*,*,*,*
회송용봉투,,,,NNP,*,T,회송용봉투,*,*,*,*,*
액면가액,,,,NNP,*,F,액면가액,*,*,*,*,*
세무관서,,,,NNP,*,T,세무관서,*,*,*,*,*
개표및선거록,,,,NNP,*,F,개표및선거록,*,*,*,*,*
인터넷뉴스서비스사업자,,,,NNP,*,T,인터넷뉴스서비스사업자,*,*,*,*,*
서명,,,,NNP,*,F,서명,*,*,*,*,*
등록말소,,,,NNP,*,T,등록말소,*,*,*,*,*
기탁금반환,,,,NNP,*,F,기탁금반환,*,*,*,*,*
무정액영수증,,,,NNP,*,F,무정액영수증,*,*,*,*,*
발송방법,,,,NNP,*,F,발송방법,*,*,*,*,*
문답서,,,,NNP,*,T,문답서,*,*,*,*,*
당원의총의,,,,NNP,*,T,당원의총의,*,*,*,*,*
인터넷언론사,,,,NNP,*,T,인터넷언론사,*,*,*,*,*
선거비용,,,,NNP,*,F,선거비용,*,*,*,*,*
경선홍보물,,,,NNP,*,F,경선홍보물,*,*,*,*,*
재외동포,,,,NNP,*,T,재외동포,*,*,*,*,*
유치원,,,,NNP,*,F,유치원,*,*,*,*,*
향응제공,,,,NNP,*,F,향응제공,*,*,*,*,*
잔무정리비용,,,,NNP,*,F,잔무정리비용,*,*,*,*,*
선거구선거사무,,,,NNP,*,T,선거구선거사무,*,*,*,*,*
봉급연액,,,,NNP,*,F,봉급연액,*,*,*,*,*
선거슬로건,,,,NNP,*,F,선거슬로건,*,*,*,*,*
당원증,,,,NNP,*,F,당원증,*,*,*,*,*
균등한기회보장,,,,NNP,*,F,균등한기회보장,*,*,*,*,*
훈령,,,,NNP,*,F,훈령,*,*,*,*,*
통상방법외배부,,,,NNP,*,T,통상방법외배부,*,*,*,*,*
국민투표관리,,,,NNP,*,T,국민투표관리,*,*,*,*,*
재외투표기간,,,,NNP,*,F,재외투표기간,*,*,*,*,*
공인회계사,,,,NNP,*,T,공인회계사,*,*,*,*,*
재산공개,,,,NNP,*,T,재산공개,*,*,*,*,*
개표관람,,,,NNP,*,F,개표관람,*,*,*,*,*
기소,,,,NNP,*,T,기소,*,*,*,*,*
쉴드팩스,,,,NNP,*,T,쉴드팩스,*,*,*,*,*
공청회,,,,NNP,*,T,공청회,*,*,*,*,*
선거소송,,,,NNP,*,F,선거소송,*,*,*,*,*
집행유예,,,,NNP,*,T,집행유예,*,*,*,*,*
이행명령,,,,NNP,*,F,이행명령,*,*,*,*,*
양수인,,,,NNP,*,F,양수인,*,*,*,*,*
사전투표함,,,,NNP,*,F,사전투표함,*,*,*,*,*
정책공약집,,,,NNP,*,F,정책공약집,*,*,*,*,*
소급입법,,,,NNP,*,F,소급입법,*,*,*,*,*
관공서,,,,NNP,*,T,관공서,*,*,*,*,*
서면의결,,,,NNP,*,F,서면의결,*,*,*,*,*
구시군선거방송토론위원회위원장,,,,NNP,*,F,구시군선거방송토론위원회위원장,*,*,*,*,*
등록의무자,,,,NNP,*,T,등록의무자,*,*,*,*,*
4선,,,,NNP,*,F,4선,*,*,*,*,*
등록외국인기록표,,,,NNP,*,T,등록외국인기록표,*,*,*,*,*
지역구자치구시군의회의원예비후보자,,,,NNP,*,T,지역구자치구시군의회의원예비후보자,*,*,*,*,*
예비후보자등록신청,,,,NNP,*,F,예비후보자등록신청,*,*,*,*,*
의연금품,,,,NNP,*,F,의연금품,*,*,*,*,*
초청대상후보자,,,,NNP,*,T,초청대상후보자,*,*,*,*,*
정당추천위원,,,,NNP,*,F,정당추천위원,*,*,*,*,*
의석할당,,,,NNP,*,F,의석할당,*,*,*,*,*
사무처,,,,NNP,*,T,사무처,*,*,*,*,*
선거구선거관리,,,,NNP,*,T,선거구선거관리,*,*,*,*,*
문서관리,,,,NNP,*,T,문서관리,*,*,*,*,*
평가지표,,,,NNP,*,T,평가지표,*,*,*,*,*
입당허가,,,,NNP,*,T,입당허가,*,*,*,*,*
병역,,,,NNP,*,F,병역,*,*,*,*,*
경선선거인,,,,NNP,*,F,경선선거인,*,*,*,*,*
의원정수,,,,NNP,*,T,의원정수,*,*,*,*,*
경력직공무원,,,,NNP,*,F,경력직공무원,*,*,*,*,*
청각장애선거인,,,,NNP,*,F,청각장애선거인,*,*,*,*,*
법령의변경,,,,NNP,*,F,법령의변경,*,*,*,*,*
사법경찰관,,,,NNP,*,F,사법경찰관,*,*,*,*,*
공직선거후보자병역사항신고,,,,NNP,*,T,공직선거후보자병역사항신고,*,*,*,*,*
기간만료일,,,,NNP,*,F,기간만료일,*,*,*,*,*
기탁금수탁,,,,NNP,*,F,기탁금수탁,*,*,*,*,*
변조방지장치,,,,NNP,*,T,변조방지장치,*,*,*,*,*
초도순시,,,,NNP,*,T,초도순시,*,*,*,*,*
투표지분류기,,,,NNP,*,T,투표지분류기,*,*,*,*,*
부화,,,,NNP,*,T,부화,*,*,*,*,*
수리,,,,NNP,*,T,수리,*,*,*,*,*
전자세금계산서,,,,NNP,*,T,전자세금계산서,*,*,*,*,*
구입품의서,,,,NNP,*,T,구입품의서,*,*,*,*,*
사무소소재지,,,,NNP,*,T,사무소소재지,*,*,*,*,*
위계,,,,NNP,*,T,위계,*,*,*,*,*
병역소집유예,,,,NNP,*,T,병역소집유예,*,*,*,*,*
체납처분,,,,NNP,*,F,체납처분,*,*,*,*,*
공표,,,,NNP,*,T,공표,*,*,*,*,*
시도선거관리위원회사무처,,,,NNP,*,T,시도선거관리위원회사무처,*,*,*,*,*
선거범죄신고자,,,,NNP,*,T,선거범죄신고자,*,*,*,*,*
반론권,,,,NNP,*,F,반론권,*,*,*,*,*
선거권,,,,NNP,*,F,선거권,*,*,*,*,*
개표사무원,,,,NNP,*,F,개표사무원,*,*,*,*,*
국민의정치적의사형성,,,,NNP,*,F,국민의정치적의사형성,*,*,*,*,*
당적이탈,,,,NNP,*,F,당적이탈,*,*,*,*,*
본인승낙서,,,,NNP,*,T,본인승낙서,*,*,*,*,*
보건복지,,,,NNP,*,T,보건복지,*,*,*,*,*
교섭단체를구성한정당,,,,NNP,*,F,교섭단체를구성한정당,*,*,*,*,*
궐원,,,,NNP,*,F,궐원,*,*,*,*,*
보존기간,,,,NNP,*,F,보존기간,*,*,*,*,*
선거보도심의,,,,NNP,*,T,선거보도심의,*,*,*,*,*
사무기구,,,,NNP,*,T,사무기구,*,*,*,*,*
사회복지시설,,,,NNP,*,F,사회복지시설,*,*,*,*,*
투표함호송,,,,NNP,*,F,투표함호송,*,*,*,*,*
인계,,,,NNP,*,T,인계,*,*,*,*,*
추징,,,,NNP,*,F,추징,*,*,*,*,*
부대비용,,,,NNP,*,F,부대비용,*,*,*,*,*
당대표경선후보자명부,,,,NNP,*,T,당대표경선후보자명부,*,*,*,*,*
지역방송시설,,,,NNP,*,F,지역방송시설,*,*,*,*,*
경선투개표관리위원회,,,,NNP,*,T,경선투개표관리위원회,*,*,*,*,*
공제대상자,,,,NNP,*,T,공제대상자,*,*,*,*,*
중증장애인,,,,NNP,*,F,중증장애인,*,*,*,*,*
재외선거관리록,,,,NNP,*,F,재외선거관리록,*,*,*,*,*
바코드,,,,NNP,*,T,바코드,*,*,*,*,*
소송복귀,,,,NNP,*,T,소송복귀,*,*,*,*,*
투표지분류기운영부,,,,NNP,*,T,투표지분류기운영부,*,*,*,*,*
다과류의음식물,,,,NNP,*,F,다과류의음식물,*,*,*,*,*
선거재해보상금심의위원회,,,,NNP,*,T,선거재해보상금심의위원회,*,*,*,*,*
정당추천후보자,,,,NNP,*,T,정당추천후보자,*,*,*,*,*
알선수뢰,,,,NNP,*,T,알선수뢰,*,*,*,*,*
병역소집,,,,NNP,*,F,병역소집,*,*,*,*,*
공동경선운동,,,,NNP,*,F,공동경선운동,*,*,*,*,*
여론조사기준,,,,NNP,*,F,여론조사기준,*,*,*,*,*
인영확인신청,,,,NNP,*,F,인영확인신청,*,*,*,*,*
수임기관,,,,NNP,*,F,수임기관,*,*,*,*,*
행정면,,,,NNP,*,F,행정면,*,*,*,*,*
정당기관지,,,,NNP,*,T,정당기관지,*,*,*,*,*
선거구민,,,,NNP,*,F,선거구민,*,*,*,*,*
당선인결정,,,,NNP,*,F,당선인결정,*,*,*,*,*
동산,,,,NNP,*,F,동산,*,*,*,*,*
심사기관,,,,NNP,*,F,심사기관,*,*,*,*,*
보존위탁,,,,NNP,*,F,보존위탁,*,*,*,*,*
잠정투표,,,,NNP,*,T,잠정투표,*,*,*,*,*
익명기부한도액,,,,NNP,*,F,익명기부한도액,*,*,*,*,*
당대표경선후보자후원회,,,,NNP,*,T,당대표경선후보자후원회,*,*,*,*,*
지방공단,,,,NNP,*,F,지방공단,*,*,*,*,*
사무국,,,,NNP,*,F,사무국,*,*,*,*,*
지방의회의원,,,,NNP,*,F,지방의회의원,*,*,*,*,*
불법시설물표시문,,,,NNP,*,F,불법시설물표시문,*,*,*,*,*
국내거소신고,,,,NNP,*,T,국내거소신고,*,*,*,*,*
심신장애내용,,,,NNP,*,F,심신장애내용,*,*,*,*,*
집회의자유,,,,NNP,*,T,집회의자유,*,*,*,*,*
연설금지장소,,,,NNP,*,T,연설금지장소,*,*,*,*,*
비밀선거,,,,NNP,*,T,비밀선거,*,*,*,*,*
교부,,,,NNP,*,T,교부,*,*,*,*,*
선거권박탈,,,,NNP,*,F,선거권박탈,*,*,*,*,*
주의,,,,NNP,*,T,주의,*,*,*,*,*
상시계도,,,,NNP,*,T,상시계도,*,*,*,*,*
직계비속,,,,NNP,*,F,직계비속,*,*,*,*,*
시도선거여론조사공정심의위원회,,,,NNP,*,T,시도선거여론조사공정심의위원회,*,*,*,*,*
경력등,,,,NNP,*,F,경력등,*,*,*,*,*
각급토론위원회,,,,NNP,*,T,각급토론위원회,*,*,*,*,*
방송통신심의위원회,,,,NNP,*,T,방송통신심의위원회,*,*,*,*,*
합동토론회,,,,NNP,*,T,합동토론회,*,*,*,*,*
발송용봉투,,,,NNP,*,T,발송용봉투,*,*,*,*,*
언론중재위원회,,,,NNP,*,T,언론중재위원회,*,*,*,*,*
선거법위반행위자의출석요구,,,,NNP,*,T,선거법위반행위자의출석요구,*,*,*,*,*
사이버선거부정감시단,,,,NNP,*,F,사이버선거부정감시단,*,*,*,*,*
궐원통지,,,,NNP,*,T,궐원통지,*,*,*,*,*
일반관람인석,,,,NNP,*,F,일반관람인석,*,*,*,*,*
경과조치,,,,NNP,*,T,경과조치,*,*,*,*,*
정치자금범죄신고자의보호,,,,NNP,*,T,정치자금범죄신고자의보호,*,*,*,*,*
당선인통지,,,,NNP,*,T,당선인통지,*,*,*,*,*
세대주,,,,NNP,*,T,세대주,*,*,*,*,*
연장자순,,,,NNP,*,F,연장자순,*,*,*,*,*
당직자,,,,NNP,*,T,당직자,*,*,*,*,*
발기인대회,,,,NNP,*,T,발기인대회,*,*,*,*,*
지역구국회의원후원회,,,,NNP,*,T,지역구국회의원후원회,*,*,*,*,*
경력,,,,NNP,*,F,경력,*,*,*,*,*
재판의관할,,,,NNP,*,F,재판의관할,*,*,*,*,*
보안업무,,,,NNP,*,T,보안업무,*,*,*,*,*
소청,,,,NNP,*,F,소청,*,*,*,*,*
벌칙,,,,NNP,*,F,벌칙,*,*,*,*,*
선정대표자,,,,NNP,*,T,선정대표자,*,*,*,*,*
체류지,,,,NNP,*,T,체류지,*,*,*,*,*
관혼상제,,,,NNP,*,T,관혼상제,*,*,*,*,*
사무총장,,,,NNP,*,F,사무총장,*,*,*,*,*
창당대회회의록,,,,NNP,*,F,창당대회회의록,*,*,*,*,*
산출기준,,,,NNP,*,F,산출기준,*,*,*,*,*
정책연구소,,,,NNP,*,T,정책연구소,*,*,*,*,*
경선후보자등록마감일,,,,NNP,*,F,경선후보자등록마감일,*,*,*,*,*
반론보도의인용결정,,,,NNP,*,F,반론보도의인용결정,*,*,*,*,*
계약직공무원,,,,NNP,*,F,계약직공무원,*,*,*,*,*
도농복합형태의시,,,,NNP,*,T,도농복합형태의시,*,*,*,*,*
언론기관,,,,NNP,*,F,언론기관,*,*,*,*,*
회계사무보조자,,,,NNP,*,T,회계사무보조자,*,*,*,*,*
사무위탁,,,,NNP,*,F,사무위탁,*,*,*,*,*
정액영수증,,,,NNP,*,F,정액영수증,*,*,*,*,*
관할선거구,,,,NNP,*,T,관할선거구,*,*,*,*,*
재외선거인,,,,NNP,*,F,재외선거인,*,*,*,*,*
국외송출,,,,NNP,*,F,국외송출,*,*,*,*,*
경선선거인명부,,,,NNP,*,T,경선선거인명부,*,*,*,*,*
진술,,,,NNP,*,F,진술,*,*,*,*,*
원양어업,,,,NNP,*,F,원양어업,*,*,*,*,*
실명확인,,,,NNP,*,F,실명확인,*,*,*,*,*
과태료부과기준,,,,NNP,*,F,과태료부과기준,*,*,*,*,*
의석할당정당,,,,NNP,*,F,의석할당정당,*,*,*,*,*
경선운동방법,,,,NNP,*,F,경선운동방법,*,*,*,*,*
방송연설,,,,NNP,*,F,방송연설,*,*,*,*,*
신체장애등급별장애보상표,,,,NNP,*,T,신체장애등급별장애보상표,*,*,*,*,*
이의제기,,,,NNP,*,T,이의제기,*,*,*,*,*
정기여객자동차,,,,NNP,*,T,정기여객자동차,*,*,*,*,*
공정성,,,,NNP,*,F,공정성,*,*,*,*,*
선거운동표지물,,,,NNP,*,F,선거운동표지물,*,*,*,*,*
개편대회,,,,NNP,*,T,개편대회,*,*,*,*,*
집행정지,,,,NNP,*,T,집행정지,*,*,*,*,*
자치구가아닌구,,,,NNP,*,T,자치구가아닌구,*,*,*,*,*
정강･정책홍보물,,,,NNP,*,F,정강･정책홍보물,*,*,*,*,*
대통령의궐위,,,,NNP,*,T,대통령의궐위,*,*,*,*,*
교육자치,,,,NNP,*,T,교육자치,*,*,*,*,*
배포,,,,NNP,*,T,배포,*,*,*,*,*
심사집계부,,,,NNP,*,T,심사집계부,*,*,*,*,*
대의기관,,,,NNP,*,F,대의기관,*,*,*,*,*
국경일,,,,NNP,*,F,국경일,*,*,*,*,*
상생발전,,,,NNP,*,F,상생발전,*,*,*,*,*
인증방식,,,,NNP,*,F,인증방식,*,*,*,*,*
광고,,,,NNP,*,T,광고,*,*,*,*,*
시도선거방송토론위원회,,,,NNP,*,T,시도선거방송토론위원회,*,*,*,*,*
선거보조금,,,,NNP,*,F,선거보조금,*,*,*,*,*
귀속,,,,NNP,*,F,귀속,*,*,*,*,*
수사의뢰,,,,NNP,*,T,수사의뢰,*,*,*,*,*
보완첩부용,,,,NNP,*,F,보완첩부용,*,*,*,*,*
공무집행,,,,NNP,*,F,공무집행,*,*,*,*,*
패스트트랙,,,,NNP,*,F,패스트트랙,*,*,*,*,*
후원금,,,,NNP,*,F,후원금,*,*,*,*,*
방송채널사용사업자,,,,NNP,*,T,방송채널사용사업자,*,*,*,*,*
임기개시일,,,,NNP,*,F,임기개시일,*,*,*,*,*
산정,,,,NNP,*,F,산정,*,*,*,*,*
매수금지의예외,,,,NNP,*,T,매수금지의예외,*,*,*,*,*
시도선거여론조사공정심의위원회사무국,,,,NNP,*,F,시도선거여론조사공정심의위원회사무국,*,*,*,*,*
국가보안법위반의범죄,,,,NNP,*,T,국가보안법위반의범죄,*,*,*,*,*
결선투표,,,,NNP,*,T,결선투표,*,*,*,*,*
선임방법,,,,NNP,*,F,선임방법,*,*,*,*,*
선거사무관리,,,,NNP,*,T,선거사무관리,*,*,*,*,*
본인확인조치,,,,NNP,*,T,본인확인조치,*,*,*,*,*
국민투표계도홍보경비,,,,NNP,*,T,국민투표계도홍보경비,*,*,*,*,*
공익법인,,,,NNP,*,F,공익법인,*,*,*,*,*
대통령후보자,,,,NNP,*,T,대통령후보자,*,*,*,*,*
진실한사실,,,,NNP,*,F,진실한사실,*,*,*,*,*
투표용지일련번호,,,,NNP,*,T,투표용지일련번호,*,*,*,*,*
서면답변,,,,NNP,*,F,서면답변,*,*,*,*,*
독촉기한,,,,NNP,*,F,독촉기한,*,*,*,*,*
당내경선운동방법,,,,NNP,*,F,당내경선운동방법,*,*,*,*,*
계상,,,,NNP,*,F,계상,*,*,*,*,*
공소시효,,,,NNP,*,T,공소시효,*,*,*,*,*
정치자금범죄,,,,NNP,*,T,정치자금범죄,*,*,*,*,*
사무국장,,,,NNP,*,F,사무국장,*,*,*,*,*
개별공시지가,,,,NNP,*,T,개별공시지가,*,*,*,*,*
읍면동선거관리위원회위원장,,,,NNP,*,F,읍면동선거관리위원회위원장,*,*,*,*,*
등기우편,,,,NNP,*,F,등기우편,*,*,*,*,*
불요증사실,,,,NNP,*,F,불요증사실,*,*,*,*,*
선거부정,,,,NNP,*,F,선거부정,*,*,*,*,*
소청장부본,,,,NNP,*,F,소청장부본,*,*,*,*,*
당비,,,,NNP,*,T,당비,*,*,*,*,*
당인,,,,NNP,*,F,당인,*,*,*,*,*
국외부재자신고기간,,,,NNP,*,F,국외부재자신고기간,*,*,*,*,*
유기,,,,NNP,*,T,유기,*,*,*,*,*
교통편의제공,,,,NNP,*,F,교통편의제공,*,*,*,*,*
위조,,,,NNP,*,T,위조,*,*,*,*,*
공공기관,,,,NNP,*,F,공공기관,*,*,*,*,*
정치자금부정수수죄,,,,NNP,*,T,정치자금부정수수죄,*,*,*,*,*
연동형비례대표제도,,,,NNP,*,T,연동형비례대표제도,*,*,*,*,*
사회질서,,,,NNP,*,T,사회질서,*,*,*,*,*
경선투･개표관리위원회,,,,NNP,*,T,경선투･개표관리위원회,*,*,*,*,*
가중처벌,,,,NNP,*,F,가중처벌,*,*,*,*,*
정치적주장,,,,NNP,*,F,정치적주장,*,*,*,*,*
7선,,,,NNP,*,F,7선,*,*,*,*,*
시도당대표자선출,,,,NNP,*,F,시도당대표자선출,*,*,*,*,*
후원회회원,,,,NNP,*,F,후원회회원,*,*,*,*,*
선거일,,,,NNP,*,F,선거일,*,*,*,*,*
예비후보자홍보물,,,,NNP,*,F,예비후보자홍보물,*,*,*,*,*
의석승계자,,,,NNP,*,T,의석승계자,*,*,*,*,*
국외부재자,,,,NNP,*,T,국외부재자,*,*,*,*,*
국내거소신고증,,,,NNP,*,F,국내거소신고증,*,*,*,*,*
소명자료,,,,NNP,*,T,소명자료,*,*,*,*,*
비방,,,,NNP,*,F,비방,*,*,*,*,*
투표의비밀보장,,,,NNP,*,F,투표의비밀보장,*,*,*,*,*
등록증재교부,,,,NNP,*,T,등록증재교부,*,*,*,*,*
보조금의용도제한,,,,NNP,*,F,보조금의용도제한,*,*,*,*,*
피고인의출정,,,,NNP,*,F,피고인의출정,*,*,*,*,*
부양가족,,,,NNP,*,F,부양가족,*,*,*,*,*
거주,,,,NNP,*,T,거주,*,*,*,*,*
전과기록,,,,NNP,*,F,전과기록,*,*,*,*,*
우편투표함,,,,NNP,*,F,우편투표함,*,*,*,*,*
군소정당,,,,NNP,*,F,군소정당,*,*,*,*,*
반환기탁금의인계의무,,,,NNP,*,T,반환기탁금의인계의무,*,*,*,*,*
경선사무위탁,,,,NNP,*,F,경선사무위탁,*,*,*,*,*
정당성립,,,,NNP,*,F,정당성립,*,*,*,*,*
구시군선거관리위원회위원장,,,,NNP,*,F,구시군선거관리위원회위원장,*,*,*,*,*
선거구획정안,,,,NNP,*,F,선거구획정안,*,*,*,*,*
몰수,,,,NNP,*,T,몰수,*,*,*,*,*
법원공무원,,,,NNP,*,F,법원공무원,*,*,*,*,*
정기간행물,,,,NNP,*,F,정기간행물,*,*,*,*,*
직능단체,,,,NNP,*,T,직능단체,*,*,*,*,*
여비,,,,NNP,*,T,여비,*,*,*,*,*
일반일간신문,,,,NNP,*,F,일반일간신문,*,*,*,*,*
이의신청,,,,NNP,*,F,이의신청,*,*,*,*,*
등록신고,,,,NNP,*,T,등록신고,*,*,*,*,*
인터넷멀티미디어방송,,,,NNP,*,F,인터넷멀티미디어방송,*,*,*,*,*
선상투표용지,,,,NNP,*,T,선상투표용지,*,*,*,*,*
무기명투표,,,,NNP,*,T,무기명투표,*,*,*,*,*
대통령후보자후원회,,,,NNP,*,T,대통령후보자후원회,*,*,*,*,*
유예기간,,,,NNP,*,F,유예기간,*,*,*,*,*
구역변경,,,,NNP,*,F,구역변경,*,*,*,*,*
선거기사심의위원회,,,,NNP,*,T,선거기사심의위원회,*,*,*,*,*
보조금배분대상정당,,,,NNP,*,F,보조금배분대상정당,*,*,*,*,*
위탁선거,,,,NNP,*,T,위탁선거,*,*,*,*,*
선거비용제한액공고일,,,,NNP,*,F,선거비용제한액공고일,*,*,*,*,*
관할선거구선거관리위원회위원장,,,,NNP,*,F,관할선거구선거관리위원회위원장,*,*,*,*,*
추산가액,,,,NNP,*,F,추산가액,*,*,*,*,*
중앙당,,,,NNP,*,F,중앙당,*,*,*,*,*
판결서등본,,,,NNP,*,F,판결서등본,*,*,*,*,*
정당표방,,,,NNP,*,F,정당표방,*,*,*,*,*
투표용지모형,,,,NNP,*,F,투표용지모형,*,*,*,*,*
제재조치,,,,NNP,*,T,제재조치,*,*,*,*,*
봉사료,,,,NNP,*,T,봉사료,*,*,*,*,*
결정문사본,,,,NNP,*,F,결정문사본,*,*,*,*,*
명함,,,,NNP,*,F,명함,*,*,*,*,*
투표용지게재순위,,,,NNP,*,T,투표용지게재순위,*,*,*,*,*
통모,,,,NNP,*,T,통모,*,*,*,*,*
경선기간개시일,,,,NNP,*,F,경선기간개시일,*,*,*,*,*
득표수,,,,NNP,*,T,득표수,*,*,*,*,*
위원회,,,,NNP,*,T,위원회,*,*,*,*,*
정무직공무원,,,,NNP,*,F,정무직공무원,*,*,*,*,*
선거권자,,,,NNP,*,T,선거권자,*,*,*,*,*
애드벌룬,,,,NNP,*,F,애드벌룬,*,*,*,*,*
내각제,,,,NNP,*,T,내각제,*,*,*,*,*
선거계도,,,,NNP,*,T,선거계도,*,*,*,*,*
언론중재,,,,NNP,*,T,언론중재,*,*,*,*,*
어깨띠,,,,NNP,*,T,어깨띠,*,*,*,*,*
당원명부,,,,NNP,*,T,당원명부,*,*,*,*,*
여론조사,,,,NNP,*,T,여론조사,*,*,*,*,*
선거소청비용,,,,NNP,*,F,선거소청비용,*,*,*,*,*
거소투표자,,,,NNP,*,T,거소투표자,*,*,*,*,*
진정,,,,NNP,*,F,진정,*,*,*,*,*
고지,,,,NNP,*,T,고지,*,*,*,*,*
부대수입,,,,NNP,*,F,부대수입,*,*,*,*,*
당대표경선기간개시일,,,,NNP,*,F,당대표경선기간개시일,*,*,*,*,*
허위사실공표죄,,,,NNP,*,T,허위사실공표죄,*,*,*,*,*
개표소의질서문란,,,,NNP,*,F,개표소의질서문란,*,*,*,*,*
사회통념,,,,NNP,*,F,사회통념,*,*,*,*,*
간행물,,,,NNP,*,F,간행물,*,*,*,*,*
역무의제공등에대한대가,,,,NNP,*,T,역무의제공등에대한대가,*,*,*,*,*
교육위원,,,,NNP,*,F,교육위원,*,*,*,*,*
회계검사,,,,NNP,*,T,회계검사,*,*,*,*,*
선거비용보전,,,,NNP,*,F,선거비용보전,*,*,*,*,*
국고,,,,NNP,*,T,국고,*,*,*,*,*
방송사,,,,NNP,*,T,방송사,*,*,*,*,*
뉴스통신,,,,NNP,*,F,뉴스통신,*,*,*,*,*
방문객,,,,NNP,*,F,방문객,*,*,*,*,*
간부의범위,,,,NNP,*,T,간부의범위,*,*,*,*,*
임차가격에상당하는가격,,,,NNP,*,F,임차가격에상당하는가격,*,*,*,*,*
당원연수,,,,NNP,*,T,당원연수,*,*,*,*,*
야당,,,,NNP,*,F,야당,*,*,*,*,*
불법시설물,,,,NNP,*,F,불법시설물,*,*,*,*,*
부당,,,,NNP,*,F,부당,*,*,*,*,*
서명날인,,,,NNP,*,F,서명날인,*,*,*,*,*
컴퓨터자기디스크,,,,NNP,*,T,컴퓨터자기디스크,*,*,*,*,*
선거공약,,,,NNP,*,F,선거공약,*,*,*,*,*
국민투표단속사무경비,,,,NNP,*,T,국민투표단속사무경비,*,*,*,*,*
벌금,,,,NNP,*,F,벌금,*,*,*,*,*
여객운송사업,,,,NNP,*,F,여객운송사업,*,*,*,*,*
의정활동,,,,NNP,*,F,의정활동,*,*,*,*,*
이미지형태,,,,NNP,*,T,이미지형태,*,*,*,*,*
공인인증,,,,NNP,*,F,공인인증,*,*,*,*,*
불공정선거보도,,,,NNP,*,T,불공정선거보도,*,*,*,*,*
국회의원선거,,,,NNP,*,T,국회의원선거,*,*,*,*,*
공개행사,,,,NNP,*,T,공개행사,*,*,*,*,*
시민단체,,,,NNP,*,T,시민단체,*,*,*,*,*
비례대표국회의원,,,,NNP,*,F,비례대표국회의원,*,*,*,*,*
입당심의,,,,NNP,*,T,입당심의,*,*,*,*,*
정상근무일,,,,NNP,*,F,정상근무일,*,*,*,*,*
공직자윤리위원회,,,,NNP,*,T,공직자윤리위원회,*,*,*,*,*
출판기념회,,,,NNP,*,T,출판기념회,*,*,*,*,*
재외투표의개표,,,,NNP,*,T,재외투표의개표,*,*,*,*,*
간사장,,,,NNP,*,F,간사장,*,*,*,*,*
선거범죄조사,,,,NNP,*,T,선거범죄조사,*,*,*,*,*
졸업증명서,,,,NNP,*,T,졸업증명서,*,*,*,*,*
규약,,,,NNP,*,F,규약,*,*,*,*,*
여론조사공표,,,,NNP,*,T,여론조사공표,*,*,*,*,*
결정요지,,,,NNP,*,T,결정요지,*,*,*,*,*
선거구,,,,NNP,*,T,선거구,*,*,*,*,*
간사서기,,,,NNP,*,T,간사서기,*,*,*,*,*
멸실,,,,NNP,*,F,멸실,*,*,*,*,*
탈법방법,,,,NNP,*,F,탈법방법,*,*,*,*,*
증거보전신청,,,,NNP,*,F,증거보전신청,*,*,*,*,*
우편,,,,NNP,*,F,우편,*,*,*,*,*
전자투표기,,,,NNP,*,T,전자투표기,*,*,*,*,*
외국인선거권자,,,,NNP,*,T,외국인선거권자,*,*,*,*,*
법령안,,,,NNP,*,F,법령안,*,*,*,*,*
감정기관,,,,NNP,*,F,감정기관,*,*,*,*,*
기호순,,,,NNP,*,F,기호순,*,*,*,*,*
독촉장,,,,NNP,*,F,독촉장,*,*,*,*,*
원격대학,,,,NNP,*,F,원격대학,*,*,*,*,*
선거관리위원회의기표용구,,,,NNP,*,T,선거관리위원회의기표용구,*,*,*,*,*
소인,,,,NNP,*,F,소인,*,*,*,*,*
일용근로자,,,,NNP,*,T,일용근로자,*,*,*,*,*
인터넷홈페이지,,,,NNP,*,T,인터넷홈페이지,*,*,*,*,*
정당합당,,,,NNP,*,F,정당합당,*,*,*,*,*
유가증권,,,,NNP,*,F,유가증권,*,*,*,*,*
강제집행,,,,NNP,*,F,강제집행,*,*,*,*,*
선거방송심의위원회위원,,,,NNP,*,F,선거방송심의위원회위원,*,*,*,*,*
거소투표,,,,NNP,*,T,거소투표,*,*,*,*,*
재외선거관리위원회위원장,,,,NNP,*,F,재외선거관리위원회위원장,*,*,*,*,*
권한이양,,,,NNP,*,F,권한이양,*,*,*,*,*
정책선거,,,,NNP,*,T,정책선거,*,*,*,*,*
점자형선거공약서,,,,NNP,*,T,점자형선거공약서,*,*,*,*,*
재외투표함,,,,NNP,*,F,재외투표함,*,*,*,*,*
표본추출,,,,NNP,*,F,표본추출,*,*,*,*,*
인증관련기록,,,,NNP,*,F,인증관련기록,*,*,*,*,*
재외선거인등록신청기간,,,,NNP,*,F,재외선거인등록신청기간,*,*,*,*,*
당비납부의무,,,,NNP,*,T,당비납부의무,*,*,*,*,*
국가선거에관한사무,,,,NNP,*,T,국가선거에관한사무,*,*,*,*,*
기일,,,,NNP,*,F,기일,*,*,*,*,*
소집,,,,NNP,*,F,소집,*,*,*,*,*
공증인,,,,NNP,*,F,공증인,*,*,*,*,*
법률,,,,NNP,*,F,법률,*,*,*,*,*
녹화방송,,,,NNP,*,F,녹화방송,*,*,*,*,*
증원선거,,,,NNP,*,T,증원선거,*,*,*,*,*
공관,,,,NNP,*,F,공관,*,*,*,*,*
거소투표신고,,,,NNP,*,T,거소투표신고,*,*,*,*,*
변론준비,,,,NNP,*,T,변론준비,*,*,*,*,*
보전비용국고귀속절차,,,,NNP,*,T,보전비용국고귀속절차,*,*,*,*,*
기부금액,,,,NNP,*,F,기부금액,*,*,*,*,*
투표시간,,,,NNP,*,F,투표시간,*,*,*,*,*
반론보도,,,,NNP,*,T,반론보도,*,*,*,*,*
점자형투표안내문,,,,NNP,*,F,점자형투표안내문,*,*,*,*,*
득표수비율,,,,NNP,*,F,득표수비율,*,*,*,*,*
변경등록신청,,,,NNP,*,F,변경등록신청,*,*,*,*,*
매각대금,,,,NNP,*,F,매각대금,*,*,*,*,*
유족보상,,,,NNP,*,F,유족보상,*,*,*,*,*
간판게시식,,,,NNP,*,F,간판게시식,*,*,*,*,*
특수투표용지,,,,NNP,*,T,특수투표용지,*,*,*,*,*
8선,,,,NNP,*,F,8선,*,*,*,*,*
사전투표사무원,,,,NNP,*,F,사전투표사무원,*,*,*,*,*
선거운동관계자,,,,NNP,*,T,선거운동관계자,*,*,*,*,*
정보통신망,,,,NNP,*,F,정보통신망,*,*,*,*,*
상임위원회,,,,NNP,*,T,상임위원회,*,*,*,*,*
구성원,,,,NNP,*,F,구성원,*,*,*,*,*
선거인명부작성기준일,,,,NNP,*,F,선거인명부작성기준일,*,*,*,*,*
거소투표용지,,,,NNP,*,T,거소투표용지,*,*,*,*,*
배분비율,,,,NNP,*,F,배분비율,*,*,*,*,*
관람증,,,,NNP,*,F,관람증,*,*,*,*,*
부과기준,,,,NNP,*,F,부과기준,*,*,*,*,*
정치자금범죄조사,,,,NNP,*,T,정치자금범죄조사,*,*,*,*,*
재직증명서,,,,NNP,*,T,재직증명서,*,*,*,*,*
요건의흠결,,,,NNP,*,F,요건의흠결,*,*,*,*,*
정당의외곽단체,,,,NNP,*,T,정당의외곽단체,*,*,*,*,*
사회단체,,,,NNP,*,T,사회단체,*,*,*,*,*
선거여론조사공정심의위원회위원장,,,,NNP,*,F,선거여론조사공정심의위원회위원장,*,*,*,*,*
무의탁노인,,,,NNP,*,F,무의탁노인,*,*,*,*,*
당선증,,,,NNP,*,F,당선증,*,*,*,*,*
선거운동과관련하여,,,,NNP,*,T,선거운동과관련하여,*,*,*,*,*
보고불이행,,,,NNP,*,F,보고불이행,*,*,*,*,*
불복신청,,,,NNP,*,F,불복신청,*,*,*,*,*
강제열람죄,,,,NNP,*,T,강제열람죄,*,*,*,*,*
광고근거,,,,NNP,*,T,광고근거,*,*,*,*,*
장제보상,,,,NNP,*,F,장제보상,*,*,*,*,*
문장부호,,,,NNP,*,T,문장부호,*,*,*,*,*
정관,,,,NNP,*,F,정관,*,*,*,*,*
집계록,,,,NNP,*,F,집계록,*,*,*,*,*
생산자물가지수,,,,NNP,*,T,생산자물가지수,*,*,*,*,*
현저히싼값,,,,NNP,*,F,현저히싼값,*,*,*,*,*
방문판매,,,,NNP,*,T,방문판매,*,*,*,*,*
감정평가,,,,NNP,*,T,감정평가,*,*,*,*,*
예비후보자등록,,,,NNP,*,F,예비후보자등록,*,*,*,*,*
책자형선거공보,,,,NNP,*,T,책자형선거공보,*,*,*,*,*
대중매체,,,,NNP,*,T,대중매체,*,*,*,*,*
녹음,,,,NNP,*,F,녹음,*,*,*,*,*
본인여부확인장치,,,,NNP,*,T,본인여부확인장치,*,*,*,*,*
재검표,,,,NNP,*,T,재검표,*,*,*,*,*
선거인수,,,,NNP,*,T,선거인수,*,*,*,*,*
배분,,,,NNP,*,F,배분,*,*,*,*,*
규제완화,,,,NNP,*,T,규제완화,*,*,*,*,*
거주요건,,,,NNP,*,F,거주요건,*,*,*,*,*
구금,,,,NNP,*,F,구금,*,*,*,*,*
경선투표소,,,,NNP,*,T,경선투표소,*,*,*,*,*
영사관할구역,,,,NNP,*,F,영사관할구역,*,*,*,*,*
금고,,,,NNP,*,T,금고,*,*,*,*,*
장애보상,,,,NNP,*,F,장애보상,*,*,*,*,*
선거관련홍보물의저작권,,,,NNP,*,F,선거관련홍보물의저작권,*,*,*,*,*
경고,,,,NNP,*,T,경고,*,*,*,*,*
선거관리위윈회의종류,,,,NNP,*,T,선거관리위윈회의종류,*,*,*,*,*
시각장애선거인,,,,NNP,*,F,시각장애선거인,*,*,*,*,*
당비영수증,,,,NNP,*,F,당비영수증,*,*,*,*,*
선량한풍속,,,,NNP,*,F,선량한풍속,*,*,*,*,*
국외선거범,,,,NNP,*,F,국외선거범,*,*,*,*,*
점자형선거공보,,,,NNP,*,T,점자형선거공보,*,*,*,*,*
방송비용,,,,NNP,*,F,방송비용,*,*,*,*,*
후원인의기부한도액,,,,NNP,*,F,후원인의기부한도액,*,*,*,*,*
선거대책기구,,,,NNP,*,T,선거대책기구,*,*,*,*,*
방송권역,,,,NNP,*,F,방송권역,*,*,*,*,*
게재순위,,,,NNP,*,T,게재순위,*,*,*,*,*
투표용지,,,,NNP,*,T,투표용지,*,*,*,*,*
불법후원금,,,,NNP,*,F,불법후원금,*,*,*,*,*
재외투표소의책임위원,,,,NNP,*,F,재외투표소의책임위원,*,*,*,*,*
전래적인고유축제,,,,NNP,*,T,전래적인고유축제,*,*,*,*,*
다수당,,,,NNP,*,F,다수당,*,*,*,*,*
언론매체,,,,NNP,*,T,언론매체,*,*,*,*,*
수입지출과목해소표,,,,NNP,*,T,수입지출과목해소표,*,*,*,*,*
경선사무,,,,NNP,*,T,경선사무,*,*,*,*,*
경로행사,,,,NNP,*,T,경로행사,*,*,*,*,*
성년후견인,,,,NNP,*,F,성년후견인,*,*,*,*,*
투표관리관,,,,NNP,*,F,투표관리관,*,*,*,*,*
법령,,,,NNP,*,F,법령,*,*,*,*,*
선거비용외정치자금,,,,NNP,*,F,선거비용외정치자금,*,*,*,*,*
의정보고회장소표지,,,,NNP,*,T,의정보고회장소표지,*,*,*,*,*
선거쟁송,,,,NNP,*,F,선거쟁송,*,*,*,*,*
거주자,,,,NNP,*,T,거주자,*,*,*,*,*
공판기일,,,,NNP,*,F,공판기일,*,*,*,*,*
국회의원후원회,,,,NNP,*,T,국회의원후원회,*,*,*,*,*
실비금액,,,,NNP,*,F,실비금액,*,*,*,*,*
선거운동을위하여,,,,NNP,*,T,선거운동을위하여,*,*,*,*,*
시도당의창당승인,,,,NNP,*,F,시도당의창당승인,*,*,*,*,*
발행의뢰인,,,,NNP,*,F,발행의뢰인,*,*,*,*,*
의견진술,,,,NNP,*,F,의견진술,*,*,*,*,*
각급선거관리위원회,,,,NNP,*,T,각급선거관리위원회,*,*,*,*,*
읍면동주민자치센터,,,,NNP,*,T,읍면동주민자치센터,*,*,*,*,*
별정직공무원,,,,NNP,*,F,별정직공무원,*,*,*,*,*
변경등록,,,,NNP,*,F,변경등록,*,*,*,*,*
투표록,,,,NNP,*,F,투표록,*,*,*,*,*
시도지사,,,,NNP,*,T,시도지사,*,*,*,*,*
식사류의음식물,,,,NNP,*,F,식사류의음식물,*,*,*,*,*
주민등록표초본,,,,NNP,*,F,주민등록표초본,*,*,*,*,*
정규투표용지,,,,NNP,*,T,정규투표용지,*,*,*,*,*
당선무효된자,,,,NNP,*,T,당선무효된자,*,*,*,*,*
보조금,,,,NNP,*,F,보조금,*,*,*,*,*
사인날인,,,,NNP,*,F,사인날인,*,*,*,*,*
중앙선거방송토론위원회,,,,NNP,*,T,중앙선거방송토론위원회,*,*,*,*,*
인터넷선거보도심의위원회,,,,NNP,*,T,인터넷선거보도심의위원회,*,*,*,*,*
사전투표관리관,,,,NNP,*,F,사전투표관리관,*,*,*,*,*
법관의부위원장위촉,,,,NNP,*,F,법관의부위원장위촉,*,*,*,*,*
정치적의사형성,,,,NNP,*,F,정치적의사형성,*,*,*,*,*
선상투표소,,,,NNP,*,T,선상투표소,*,*,*,*,*
동시경선관리,,,,NNP,*,T,동시경선관리,*,*,*,*,*
정보통신서비스제공자,,,,NNP,*,T,정보통신서비스제공자,*,*,*,*,*
전국소비자물가변동률,,,,NNP,*,F,전국소비자물가변동률,*,*,*,*,*
잠정투표자명부,,,,NNP,*,T,잠정투표자명부,*,*,*,*,*
선거기사심의위원회위원장,,,,NNP,*,F,선거기사심의위원회위원장,*,*,*,*,*
3선,,,,NNP,*,F,3선,*,*,*,*,*
발행기관,,,,NNP,*,F,발행기관,*,*,*,*,*
조직활동비,,,,NNP,*,T,조직활동비,*,*,*,*,*
의례적인행위,,,,NNP,*,T,의례적인행위,*,*,*,*,*
선거일후답례,,,,NNP,*,T,선거일후답례,*,*,*,*,*
정당의해산,,,,NNP,*,F,정당의해산,*,*,*,*,*
살포,,,,NNP,*,T,살포,*,*,*,*,*
세종특별자치시지원위원회,,,,NNP,*,T,세종특별자치시지원위원회,*,*,*,*,*
최고득표자,,,,NNP,*,T,최고득표자,*,*,*,*,*
서면결의,,,,NNP,*,T,서면결의,*,*,*,*,*
기초단체장,,,,NNP,*,F,기초단체장,*,*,*,*,*
연두순시,,,,NNP,*,T,연두순시,*,*,*,*,*
상징물,,,,NNP,*,F,상징물,*,*,*,*,*
언론인단체,,,,NNP,*,T,언론인단체,*,*,*,*,*
인터넷언론사의선거보도에관한반론보도청구,,,,NNP,*,T,인터넷언론사의선거보도에관한반론보도청구,*,*,*,*,*
교양강좌,,,,NNP,*,T,교양강좌,*,*,*,*,*
사본교부,,,,NNP,*,T,사본교부,*,*,*,*,*
구호금품,,,,NNP,*,F,구호금품,*,*,*,*,*
민속절등,,,,NNP,*,F,민속절등,*,*,*,*,*
보조위원,,,,NNP,*,F,보조위원,*,*,*,*,*
당선무효유도죄,,,,NNP,*,T,당선무효유도죄,*,*,*,*,*
거래금액,,,,NNP,*,F,거래금액,*,*,*,*,*
선거운동의준비행위,,,,NNP,*,T,선거운동의준비행위,*,*,*,*,*
선거관리위원회위원,,,,NNP,*,F,선거관리위원회위원,*,*,*,*,*
대통령,,,,NNP,*,F,대통령,*,*,*,*,*
방송,,,,NNP,*,F,방송,*,*,*,*,*
국고귀속,,,,NNP,*,F,국고귀속,*,*,*,*,*
탈당원명부,,,,NNP,*,T,탈당원명부,*,*,*,*,*
당원협의회,,,,NNP,*,T,당원협의회,*,*,*,*,*
중앙당대표자,,,,NNP,*,T,중앙당대표자,*,*,*,*,*
추가등록,,,,NNP,*,F,추가등록,*,*,*,*,*
비상근,,,,NNP,*,F,비상근,*,*,*,*,*
공시송달,,,,NNP,*,F,공시송달,*,*,*,*,*
배당소득금액,,,,NNP,*,F,배당소득금액,*,*,*,*,*
선거여론조사공정심의위원회사무국,,,,NNP,*,F,선거여론조사공정심의위원회사무국,*,*,*,*,*
무효,,,,NNP,*,T,무효,*,*,*,*,*
계수기,,,,NNP,*,T,계수기,*,*,*,*,*
직권심리,,,,NNP,*,T,직권심리,*,*,*,*,*
법원,,,,NNP,*,F,법원,*,*,*,*,*
선거벽보제출철회,,,,NNP,*,T,선거벽보제출철회,*,*,*,*,*
외국국적불행사서약확인서,,,,NNP,*,T,외국국적불행사서약확인서,*,*,*,*,*
선거비용반환,,,,NNP,*,F,선거비용반환,*,*,*,*,*
증거자료,,,,NNP,*,T,증거자료,*,*,*,*,*
신문광고,,,,NNP,*,T,신문광고,*,*,*,*,*
선거부정감시단,,,,NNP,*,F,선거부정감시단,*,*,*,*,*
대체정당의금지,,,,NNP,*,T,대체정당의금지,*,*,*,*,*
불성립,,,,NNP,*,F,불성립,*,*,*,*,*
합병,,,,NNP,*,F,합병,*,*,*,*,*
보석류,,,,NNP,*,T,보석류,*,*,*,*,*
과태료,,,,NNP,*,T,과태료,*,*,*,*,*
불법시설물폐쇄명령,,,,NNP,*,F,불법시설물폐쇄명령,*,*,*,*,*
기각,,,,NNP,*,F,기각,*,*,*,*,*
국회의원지역선거구,,,,NNP,*,T,국회의원지역선거구,*,*,*,*,*
소청의취지,,,,NNP,*,T,소청의취지,*,*,*,*,*
무인,,,,NNP,*,F,무인,*,*,*,*,*
선거구민과연고가있는자,,,,NNP,*,T,선거구민과연고가있는자,*,*,*,*,*
선거법위반행위,,,,NNP,*,T,선거법위반행위,*,*,*,*,*
당직자회의,,,,NNP,*,T,당직자회의,*,*,*,*,*
인터넷선거보도심의위원회위원,,,,NNP,*,F,인터넷선거보도심의위원회위원,*,*,*,*,*
공인인증서,,,,NNP,*,T,공인인증서,*,*,*,*,*
미분류투표지,,,,NNP,*,T,미분류투표지,*,*,*,*,*
선고,,,,NNP,*,T,선고,*,*,*,*,*
교부내역,,,,NNP,*,F,교부내역,*,*,*,*,*
소청인,,,,NNP,*,F,소청인,*,*,*,*,*
수용보호시설,,,,NNP,*,F,수용보호시설,*,*,*,*,*
보좌기관,,,,NNP,*,F,보좌기관,*,*,*,*,*
인터넷화상조사,,,,NNP,*,T,인터넷화상조사,*,*,*,*,*
모금방법,,,,NNP,*,F,모금방법,*,*,*,*,*
당원명부의효력,,,,NNP,*,F,당원명부의효력,*,*,*,*,*
통상적인정당활동,,,,NNP,*,F,통상적인정당활동,*,*,*,*,*
인구통계,,,,NNP,*,T,인구통계,*,*,*,*,*
재외선거인등록신청,,,,NNP,*,F,재외선거인등록신청,*,*,*,*,*
공직선거법의준용,,,,NNP,*,F,공직선거법의준용,*,*,*,*,*
실명인증,,,,NNP,*,F,실명인증,*,*,*,*,*
감정평가업자,,,,NNP,*,T,감정평가업자,*,*,*,*,*
수입지출명세서,,,,NNP,*,T,수입지출명세서,*,*,*,*,*
소환,,,,NNP,*,F,소환,*,*,*,*,*
심의,,,,NNP,*,T,심의,*,*,*,*,*
인터넷선거보도심의위원회사무국,,,,NNP,*,F,인터넷선거보도심의위원회사무국,*,*,*,*,*
연간모금한도액,,,,NNP,*,F,연간모금한도액,*,*,*,*,*
일부재선거,,,,NNP,*,T,일부재선거,*,*,*,*,*
선거관리경비,,,,NNP,*,T,선거관리경비,*,*,*,*,*
선거구역,,,,NNP,*,F,선거구역,*,*,*,*,*
방송신문등을경영관리하는자,,,,NNP,*,T,방송신문등을경영관리하는자,*,*,*,*,*
투표집계저장디스켓,,,,NNP,*,F,투표집계저장디스켓,*,*,*,*,*
특수주간신문,,,,NNP,*,F,특수주간신문,*,*,*,*,*
위촉직원,,,,NNP,*,F,위촉직원,*,*,*,*,*
비당원확인서,,,,NNP,*,T,비당원확인서,*,*,*,*,*
합동회의,,,,NNP,*,T,합동회의,*,*,*,*,*
당적변경,,,,NNP,*,F,당적변경,*,*,*,*,*
기부한도액,,,,NNP,*,F,기부한도액,*,*,*,*,*
경선후보자명부,,,,NNP,*,T,경선후보자명부,*,*,*,*,*
선거인명부확정,,,,NNP,*,F,선거인명부확정,*,*,*,*,*
손해배상청구권,,,,NNP,*,F,손해배상청구권,*,*,*,*,*
선거에관한기사,,,,NNP,*,T,선거에관한기사,*,*,*,*,*
매수및이해유도죄,,,,NNP,*,T,매수및이해유도죄,*,*,*,*,*
과태료처분,,,,NNP,*,F,과태료처분,*,*,*,*,*
벽보판,,,,NNP,*,F,벽보판,*,*,*,*,*
기탁금지급,,,,NNP,*,F,기탁금지급,*,*,*,*,*
비례대표국회의원선거,,,,NNP,*,T,비례대표국회의원선거,*,*,*,*,*
공인인증기관,,,,NNP,*,F,공인인증기관,*,*,*,*,*
총영사,,,,NNP,*,T,총영사,*,*,*,*,*
경선사무일정,,,,NNP,*,F,경선사무일정,*,*,*,*,*
투표기록지,,,,NNP,*,T,투표기록지,*,*,*,*,*
교육감당선인,,,,NNP,*,F,교육감당선인,*,*,*,*,*
방송광고물,,,,NNP,*,F,방송광고물,*,*,*,*,*
주민투표,,,,NNP,*,T,주민투표,*,*,*,*,*
중앙선거방송토론위원회위원장,,,,NNP,*,F,중앙선거방송토론위원회위원장,*,*,*,*,*
단순다수대표제,,,,NNP,*,T,단순다수대표제,*,*,*,*,*
규칙,,,,NNP,*,F,규칙,*,*,*,*,*
검찰수사관,,,,NNP,*,F,검찰수사관,*,*,*,*,*
당규,,,,NNP,*,T,당규,*,*,*,*,*
지역구자치구시군의원,,,,NNP,*,F,지역구자치구시군의원,*,*,*,*,*
창당승인취소,,,,NNP,*,T,창당승인취소,*,*,*,*,*
인터넷신문사업자,,,,NNP,*,T,인터넷신문사업자,*,*,*,*,*
상급선거관리위원회,,,,NNP,*,T,상급선거관리위원회,*,*,*,*,*
재투표,,,,NNP,*,T,재투표,*,*,*,*,*
도발,,,,NNP,*,F,도발,*,*,*,*,*
선거운동기간위반죄,,,,NNP,*,T,선거운동기간위반죄,*,*,*,*,*
정당제도,,,,NNP,*,T,정당제도,*,*,*,*,*
거래상대방,,,,NNP,*,F,거래상대방,*,*,*,*,*
일반과세자,,,,NNP,*,T,일반과세자,*,*,*,*,*
중앙당대표자선출,,,,NNP,*,F,중앙당대표자선출,*,*,*,*,*
직접선거,,,,NNP,*,T,직접선거,*,*,*,*,*
공중위생영업소,,,,NNP,*,T,공중위생영업소,*,*,*,*,*
기표방법,,,,NNP,*,F,기표방법,*,*,*,*,*
당선인결정의착오시정,,,,NNP,*,F,당선인결정의착오시정,*,*,*,*,*
선거운동정보,,,,NNP,*,T,선거운동정보,*,*,*,*,*
사퇴승인서,,,,NNP,*,T,사퇴승인서,*,*,*,*,*
매세대발송용,,,,NNP,*,F,매세대발송용,*,*,*,*,*
입회인,,,,NNP,*,F,입회인,*,*,*,*,*
과학기술정보통신,,,,NNP,*,F,과학기술정보통신,*,*,*,*,*
중앙선거방송토론위원회사무국,,,,NNP,*,F,중앙선거방송토론위원회사무국,*,*,*,*,*
표본오차율,,,,NNP,*,F,표본오차율,*,*,*,*,*
선출,,,,NNP,*,F,선출,*,*,*,*,*
열람기간,,,,NNP,*,F,열람기간,*,*,*,*,*
재산등록기준일,,,,NNP,*,F,재산등록기준일,*,*,*,*,*
의정보고회,,,,NNP,*,T,의정보고회,*,*,*,*,*
공관의장,,,,NNP,*,F,공관의장,*,*,*,*,*
재외투표관리관,,,,NNP,*,F,재외투표관리관,*,*,*,*,*
무선국,,,,NNP,*,F,무선국,*,*,*,*,*
기재사항,,,,NNP,*,F,기재사항,*,*,*,*,*
일련번호지,,,,NNP,*,T,일련번호지,*,*,*,*,*
시도지사후보자후원회,,,,NNP,*,T,시도지사후보자후원회,*,*,*,*,*
회송노선,,,,NNP,*,F,회송노선,*,*,*,*,*
탈당,,,,NNP,*,F,탈당,*,*,*,*,*
지역구시도의회의원선거,,,,NNP,*,T,지역구시도의회의원선거,*,*,*,*,*
긴급한현안,,,,NNP,*,F,긴급한현안,*,*,*,*,*
의결,,,,NNP,*,F,의결,*,*,*,*,*
선거구선거관리위원회,,,,NNP,*,T,선거구선거관리위원회,*,*,*,*,*
양여,,,,NNP,*,T,양여,*,*,*,*,*
투표소,,,,NNP,*,T,투표소,*,*,*,*,*
득표수검열,,,,NNP,*,F,득표수검열,*,*,*,*,*
공개자료,,,,NNP,*,T,공개자료,*,*,*,*,*
약칭,,,,NNP,*,F,약칭,*,*,*,*,*
제명,,,,NNP,*,F,제명,*,*,*,*,*
당대표경선투표소설치단위,,,,NNP,*,T,당대표경선투표소설치단위,*,*,*,*,*
잔여임기,,,,NNP,*,T,잔여임기,*,*,*,*,*
한국국제협력단,,,,NNP,*,F,한국국제협력단,*,*,*,*,*
방문,,,,NNP,*,F,방문,*,*,*,*,*
법정시도당수,,,,NNP,*,T,법정시도당수,*,*,*,*,*
공제,,,,NNP,*,T,공제,*,*,*,*,*
국회의원당선인,,,,NNP,*,F,국회의원당선인,*,*,*,*,*
당헌,,,,NNP,*,F,당헌,*,*,*,*,*
선거권자총수,,,,NNP,*,T,선거권자총수,*,*,*,*,*
공동대표자,,,,NNP,*,T,공동대표자,*,*,*,*,*
검토위원,,,,NNP,*,F,검토위원,*,*,*,*,*
왜곡,,,,NNP,*,F,왜곡,*,*,*,*,*
모금,,,,NNP,*,F,모금,*,*,*,*,*
당대표경선관리비용,,,,NNP,*,F,당대표경선관리비용,*,*,*,*,*
복무부대,,,,NNP,*,T,복무부대,*,*,*,*,*
순차적,,,,NNP,*,F,순차적,*,*,*,*,*
변동신고,,,,NNP,*,T,변동신고,*,*,*,*,*
증거자료수거,,,,NNP,*,T,증거자료수거,*,*,*,*,*
관할수사기관,,,,NNP,*,F,관할수사기관,*,*,*,*,*
잔여투표용지,,,,NNP,*,T,잔여투표용지,*,*,*,*,*
시도당의법정당원수,,,,NNP,*,T,시도당의법정당원수,*,*,*,*,*
반상회보,,,,NNP,*,T,반상회보,*,*,*,*,*
교육행정경력,,,,NNP,*,F,교육행정경력,*,*,*,*,*
등록무효,,,,NNP,*,T,등록무효,*,*,*,*,*
실효,,,,NNP,*,T,실효,*,*,*,*,*
자치구시군의장후보자후원회,,,,NNP,*,T,자치구시군의장후보자후원회,*,*,*,*,*
상세내역,,,,NNP,*,F,상세내역,*,*,*,*,*
고지서,,,,NNP,*,T,고지서,*,*,*,*,*
법조계,,,,NNP,*,T,법조계,*,*,*,*,*
공휴일,,,,NNP,*,F,공휴일,*,*,*,*,*
대통령선거,,,,NNP,*,T,대통령선거,*,*,*,*,*
주민자치위원회위원,,,,NNP,*,F,주민자치위원회위원,*,*,*,*,*
봉쇄ㆍ봉인,,,,NNP,*,F,봉쇄ㆍ봉인,*,*,*,*,*
공매,,,,NNP,*,T,공매,*,*,*,*,*
교부금,,,,NNP,*,F,교부금,*,*,*,*,*
고발,,,,NNP,*,F,고발,*,*,*,*,*
피소청인,,,,NNP,*,F,피소청인,*,*,*,*,*
활동개황보고,,,,NNP,*,T,활동개황보고,*,*,*,*,*
점자형후보자정보공개자료,,,,NNP,*,T,점자형후보자정보공개자료,*,*,*,*,*
방송사업자,,,,NNP,*,T,방송사업자,*,*,*,*,*
병역신고내용,,,,NNP,*,F,병역신고내용,*,*,*,*,*
공공의이익,,,,NNP,*,F,공공의이익,*,*,*,*,*
영사조사,,,,NNP,*,T,영사조사,*,*,*,*,*
입당효력,,,,NNP,*,F,입당효력,*,*,*,*,*
비례대표의원명부,,,,NNP,*,T,비례대표의원명부,*,*,*,*,*
종합부동산세,,,,NNP,*,T,종합부동산세,*,*,*,*,*
자유의사,,,,NNP,*,T,자유의사,*,*,*,*,*
기념일,,,,NNP,*,F,기념일,*,*,*,*,*
중앙선거관리위원회위원장,,,,NNP,*,F,중앙선거관리위원회위원장,*,*,*,*,*
당대표경선일,,,,NNP,*,F,당대표경선일,*,*,*,*,*
당선인등,,,,NNP,*,F,당선인등,*,*,*,*,*
연임제한,,,,NNP,*,F,연임제한,*,*,*,*,*
선거인명부등재신청,,,,NNP,*,F,선거인명부등재신청,*,*,*,*,*
재외공관,,,,NNP,*,F,재외공관,*,*,*,*,*
교육감후보자,,,,NNP,*,T,교육감후보자,*,*,*,*,*
재선거,,,,NNP,*,T,재선거,*,*,*,*,*
연간납부총액,,,,NNP,*,F,연간납부총액,*,*,*,*,*
후원회,,,,NNP,*,T,후원회,*,*,*,*,*
선거구획정위원회,,,,NNP,*,T,선거구획정위원회,*,*,*,*,*
위성통신번호,,,,NNP,*,T,위성통신번호,*,*,*,*,*
대한민국표준시,,,,NNP,*,T,대한민국표준시,*,*,*,*,*
복수정당제,,,,NNP,*,T,복수정당제,*,*,*,*,*
후원회지정권자의신분상실,,,,NNP,*,F,후원회지정권자의신분상실,*,*,*,*,*
후보자또는그가족과관계있는회사등,,,,NNP,*,F,후보자또는그가족과관계있는회사등,*,*,*,*,*
주례행위,,,,NNP,*,T,주례행위,*,*,*,*,*
선거구수,,,,NNP,*,T,선거구수,*,*,*,*,*
심판참가,,,,NNP,*,T,심판참가,*,*,*,*,*
국세체납,,,,NNP,*,F,국세체납,*,*,*,*,*
주장과반론,,,,NNP,*,F,주장과반론,*,*,*,*,*
중앙선거관리위원회,,,,NNP,*,T,중앙선거관리위원회,*,*,*,*,*
당내경선투표의제한,,,,NNP,*,F,당내경선투표의제한,*,*,*,*,*
공고,,,,NNP,*,T,공고,*,*,*,*,*
감독의무해태죄,,,,NNP,*,T,감독의무해태죄,*,*,*,*,*
자유민주적기본질서,,,,NNP,*,T,자유민주적기본질서,*,*,*,*,*
보조금계상단가,,,,NNP,*,T,보조금계상단가,*,*,*,*,*
지역구국회의원선거,,,,NNP,*,T,지역구국회의원선거,*,*,*,*,*
후원회예금계좌,,,,NNP,*,T,후원회예금계좌,*,*,*,*,*
선거관리위원회,,,,NNP,*,T,선거관리위원회,*,*,*,*,*
자동동보통신,,,,NNP,*,F,자동동보통신,*,*,*,*,*
발행금융기관명,,,,NNP,*,F,발행금융기관명,*,*,*,*,*
의결정족수,,,,NNP,*,T,의결정족수,*,*,*,*,*
범죄조사,,,,NNP,*,T,범죄조사,*,*,*,*,*
국고보조금,,,,NNP,*,F,국고보조금,*,*,*,*,*
근무상한연령,,,,NNP,*,F,근무상한연령,*,*,*,*,*
연설방해,,,,NNP,*,T,연설방해,*,*,*,*,*
경찰공무원,,,,NNP,*,F,경찰공무원,*,*,*,*,*
선상투표신고,,,,NNP,*,T,선상투표신고,*,*,*,*,*
병역처분내용,,,,NNP,*,F,병역처분내용,*,*,*,*,*
일반직공무원,,,,NNP,*,F,일반직공무원,*,*,*,*,*
광역단체장,,,,NNP,*,F,광역단체장,*,*,*,*,*
소요,,,,NNP,*,T,소요,*,*,*,*,*
배부근거,,,,NNP,*,T,배부근거,*,*,*,*,*
산정방법,,,,NNP,*,F,산정방법,*,*,*,*,*
사무과장,,,,NNP,*,F,사무과장,*,*,*,*,*
인증서,,,,NNP,*,T,인증서,*,*,*,*,*
무소속후보자,,,,NNP,*,T,무소속후보자,*,*,*,*,*
후보자비방죄,,,,NNP,*,T,후보자비방죄,*,*,*,*,*
중앙선거관리위원회규칙,,,,NNP,*,F,중앙선거관리위원회규칙,*,*,*,*,*
읍면동선거관리위원회,,,,NNP,*,T,읍면동선거관리위원회,*,*,*,*,*
사전투표참관인,,,,NNP,*,F,사전투표참관인,*,*,*,*,*
뉴스통신사업자,,,,NNP,*,T,뉴스통신사업자,*,*,*,*,*
발안,,,,NNP,*,F,발안,*,*,*,*,*
모금한도액,,,,NNP,*,F,모금한도액,*,*,*,*,*
후보자추천,,,,NNP,*,F,후보자추천,*,*,*,*,*
반환기탁금,,,,NNP,*,F,반환기탁금,*,*,*,*,*
결성신고필증,,,,NNP,*,F,결성신고필증,*,*,*,*,*
모금대행,,,,NNP,*,F,모금대행,*,*,*,*,*
선거여론조사기준,,,,NNP,*,F,선거여론조사기준,*,*,*,*,*
군사법원,,,,NNP,*,F,군사법원,*,*,*,*,*
법정당원수,,,,NNP,*,T,법정당원수,*,*,*,*,*
발송근거,,,,NNP,*,T,발송근거,*,*,*,*,*
선거운동방법,,,,NNP,*,F,선거운동방법,*,*,*,*,*
6선,,,,NNP,*,F,6선,*,*,*,*,*
주민등록전산정보자료,,,,NNP,*,T,주민등록전산정보자료,*,*,*,*,*
당선수,,,,NNP,*,T,당선수,*,*,*,*,*
개표관리체제,,,,NNP,*,T,개표관리체제,*,*,*,*,*
구시군선거관리위원회사무국,,,,NNP,*,F,구시군선거관리위원회사무국,*,*,*,*,*
정치자금법의기부금법적용배제,,,,NNP,*,T,정치자금법의기부금법적용배제,*,*,*,*,*
투표안내문,,,,NNP,*,F,투표안내문,*,*,*,*,*
입당허가여부,,,,NNP,*,T,입당허가여부,*,*,*,*,*
법령적용상의특례,,,,NNP,*,T,법령적용상의특례,*,*,*,*,*
선거사무소,,,,NNP,*,T,선거사무소,*,*,*,*,*
등록,,,,NNP,*,F,등록,*,*,*,*,*
연설,,,,NNP,*,F,연설,*,*,*,*,*
정책,,,,NNP,*,F,정책,*,*,*,*,*
의정활동보고서,,,,NNP,*,T,의정활동보고서,*,*,*,*,*
국민투표,,,,NNP,*,T,국민투표,*,*,*,*,*
변경사실,,,,NNP,*,F,변경사실,*,*,*,*,*
고유축제,,,,NNP,*,T,고유축제,*,*,*,*,*
통합선거인명부,,,,NNP,*,T,통합선거인명부,*,*,*,*,*
일반주간신문,,,,NNP,*,F,일반주간신문,*,*,*,*,*
위원의신분보장,,,,NNP,*,F,위원의신분보장,*,*,*,*,*
경선,,,,NNP,*,F,경선,*,*,*,*,*
대행할업무의범위,,,,NNP,*,T,대행할업무의범위,*,*,*,*,*
등록신청사항,,,,NNP,*,F,등록신청사항,*,*,*,*,*
단수,,,,NNP,*,T,단수,*,*,*,*,*
중앙선거여론조사공정심의위원회위원,,,,NNP,*,F,중앙선거여론조사공정심의위원회위원,*,*,*,*,*
구시군선거방송토론위원회위원,,,,NNP,*,F,구시군선거방송토론위원회위원,*,*,*,*,*
국민투표준비경비,,,,NNP,*,T,국민투표준비경비,*,*,*,*,*
인물사진,,,,NNP,*,F,인물사진,*,*,*,*,*
경선일,,,,NNP,*,F,경선일,*,*,*,*,*
국내거소신고표,,,,NNP,*,T,국내거소신고표,*,*,*,*,*
초선,,,,NNP,*,F,초선,*,*,*,*,*
선거범,,,,NNP,*,F,선거범,*,*,*,*,*
재적위원,,,,NNP,*,F,재적위원,*,*,*,*,*
수급권자,,,,NNP,*,T,수급권자,*,*,*,*,*
결의,,,,NNP,*,T,결의,*,*,*,*,*
공익광고,,,,NNP,*,T,공익광고,*,*,*,*,*
투표소의질서문란,,,,NNP,*,F,투표소의질서문란,*,*,*,*,*
선거기사심의위원회위원,,,,NNP,*,F,선거기사심의위원회위원,*,*,*,*,*
실비보상,,,,NNP,*,F,실비보상,*,*,*,*,*
구시군선거관리위원회위원,,,,NNP,*,F,구시군선거관리위원회위원,*,*,*,*,*
동의,,,,NNP,*,T,동의,*,*,*,*,*
선거홍보인쇄물,,,,NNP,*,F,선거홍보인쇄물,*,*,*,*,*
대선거구제,,,,NNP,*,T,대선거구제,*,*,*,*,*
선거비용부정지출,,,,NNP,*,F,선거비용부정지출,*,*,*,*,*
유급사무직원,,,,NNP,*,F,유급사무직원,*,*,*,*,*
창당집회,,,,NNP,*,T,창당집회,*,*,*,*,*
당대표경선기간,,,,NNP,*,F,당대표경선기간,*,*,*,*,*
선거법,,,,NNP,*,F,선거법,*,*,*,*,*
복무확인서,,,,NNP,*,T,복무확인서,*,*,*,*,*
서기,,,,NNP,*,T,서기,*,*,*,*,*
선거사무관계자의신고,,,,NNP,*,T,선거사무관계자의신고,*,*,*,*,*
선거사무종사원,,,,NNP,*,F,선거사무종사원,*,*,*,*,*
사전선거운동,,,,NNP,*,F,사전선거운동,*,*,*,*,*
개표참관,,,,NNP,*,F,개표참관,*,*,*,*,*
여권반납명령,,,,NNP,*,F,여권반납명령,*,*,*,*,*
금고이상의형,,,,NNP,*,F,금고이상의형,*,*,*,*,*
사전투표,,,,NNP,*,T,사전투표,*,*,*,*,*
회계책임자,,,,NNP,*,T,회계책임자,*,*,*,*,*
검사,,,,NNP,*,T,검사,*,*,*,*,*
선거참관인,,,,NNP,*,F,선거참관인,*,*,*,*,*
합당대회,,,,NNP,*,T,합당대회,*,*,*,*,*
준현행범인,,,,NNP,*,F,준현행범인,*,*,*,*,*
흡수합당,,,,NNP,*,F,흡수합당,*,*,*,*,*
외교행낭,,,,NNP,*,F,외교행낭,*,*,*,*,*
당원단합대회,,,,NNP,*,T,당원단합대회,*,*,*,*,*
매각예정가격의결정,,,,NNP,*,F,매각예정가격의결정,*,*,*,*,*
투표의비밀침해죄,,,,NNP,*,T,투표의비밀침해죄,*,*,*,*,*
체류자격,,,,NNP,*,F,체류자격,*,*,*,*,*
증거인멸,,,,NNP,*,F,증거인멸,*,*,*,*,*
감사의견서,,,,NNP,*,T,감사의견서,*,*,*,*,*
공직선거후보자,,,,NNP,*,T,공직선거후보자,*,*,*,*,*
주민소환투표,,,,NNP,*,T,주민소환투표,*,*,*,*,*
투표사무원,,,,NNP,*,F,투표사무원,*,*,*,*,*
선거록,,,,NNP,*,F,선거록,*,*,*,*,*
종합유선방송사업자,,,,NNP,*,T,종합유선방송사업자,*,*,*,*,*
정치자금범죄신고자,,,,NNP,*,T,정치자금범죄신고자,*,*,*,*,*
선거운동을할수있는자,,,,NNP,*,T,선거운동을할수있는자,*,*,*,*,*
기소중지,,,,NNP,*,T,기소중지,*,*,*,*,*
명부,,,,NNP,*,T,명부,*,*,*,*,*
입당원서,,,,NNP,*,T,입당원서,*,*,*,*,*
선전물,,,,NNP,*,F,선전물,*,*,*,*,*
선거구단위,,,,NNP,*,T,선거구단위,*,*,*,*,*
등본,,,,NNP,*,F,등본,*,*,*,*,*
선거인명부,,,,NNP,*,T,선거인명부,*,*,*,*,*
병역사항공개,,,,NNP,*,T,병역사항공개,*,*,*,*,*
발간,,,,NNP,*,F,발간,*,*,*,*,*
휴대용확성장치,,,,NNP,*,T,휴대용확성장치,*,*,*,*,*
장애등급표,,,,NNP,*,T,장애등급표,*,*,*,*,*
소재지,,,,NNP,*,T,소재지,*,*,*,*,*
의정활동보고,,,,NNP,*,T,의정활동보고,*,*,*,*,*
단기,,,,NNP,*,T,단기,*,*,*,*,*
결정권,,,,NNP,*,F,결정권,*,*,*,*,*
세액공제,,,,NNP,*,T,세액공제,*,*,*,*,*
가족관계증명서,,,,NNP,*,T,가족관계증명서,*,*,*,*,*
도지사,,,,NNP,*,T,도지사,*,*,*,*,*
등록재산공개,,,,NNP,*,T,등록재산공개,*,*,*,*,*
공관부재자신고인명부,,,,NNP,*,T,공관부재자신고인명부,*,*,*,*,*
정보이용요금,,,,NNP,*,F,정보이용요금,*,*,*,*,*
공개된투표지,,,,NNP,*,T,공개된투표지,*,*,*,*,*
사술,,,,NNP,*,F,사술,*,*,*,*,*
당선소송,,,,NNP,*,F,당선소송,*,*,*,*,*
정치자금제도,,,,NNP,*,T,정치자금제도,*,*,*,*,*
특별시광역시도선거관리위원회,,,,NNP,*,T,특별시광역시도선거관리위원회,*,*,*,*,*
직인의인영,,,,NNP,*,F,직인의인영,*,*,*,*,*
중앙선거방송토론위원회위원,,,,NNP,*,F,중앙선거방송토론위원회위원,*,*,*,*,*
보조금외정치자금,,,,NNP,*,F,보조금외정치자금,*,*,*,*,*
재직의원수,,,,NNP,*,T,재직의원수,*,*,*,*,*
교섭단체대표의원,,,,NNP,*,F,교섭단체대표의원,*,*,*,*,*
수소법원,,,,NNP,*,F,수소법원,*,*,*,*,*
군사법경찰관리,,,,NNP,*,T,군사법경찰관리,*,*,*,*,*
조례,,,,NNP,*,T,조례,*,*,*,*,*
토론,,,,NNP,*,F,토론,*,*,*,*,*
대한민국국민,,,,NNP,*,F,대한민국국민,*,*,*,*,*
선거비용제한액산정기준,,,,NNP,*,F,선거비용제한액산정기준,*,*,*,*,*
언론사,,,,NNP,*,T,언론사,*,*,*,*,*
여당,,,,NNP,*,F,여당,*,*,*,*,*
봉인지,,,,NNP,*,T,봉인지,*,*,*,*,*
보정기간,,,,NNP,*,F,보정기간,*,*,*,*,*
포상금,,,,NNP,*,F,포상금,*,*,*,*,*
정강,,,,NNP,*,F,정강,*,*,*,*,*
답변서,,,,NNP,*,T,답변서,*,*,*,*,*
선거방송토론위원회,,,,NNP,*,T,선거방송토론위원회,*,*,*,*,*
재학증명서,,,,NNP,*,T,재학증명서,*,*,*,*,*
투표구,,,,NNP,*,T,투표구,*,*,*,*,*
공직선거,,,,NNP,*,T,공직선거,*,*,*,*,*
선거공보경력등에대한이의제기,,,,NNP,*,T,선거공보경력등에대한이의제기,*,*,*,*,*
정부고시가격,,,,NNP,*,F,정부고시가격,*,*,*,*,*
사전투표소투표관리록,,,,NNP,*,F,사전투표소투표관리록,*,*,*,*,*
부과권자,,,,NNP,*,T,부과권자,*,*,*,*,*
산정기준,,,,NNP,*,F,산정기준,*,*,*,*,*
사립학교교원,,,,NNP,*,F,사립학교교원,*,*,*,*,*
터치스크린전자투표및개표시스템,,,,NNP,*,F,터치스크린전자투표및개표시스템,*,*,*,*,*
보전비용의인계의무,,,,NNP,*,T,보전비용의인계의무,*,*,*,*,*
경선운동기구,,,,NNP,*,T,경선운동기구,*,*,*,*,*
부담비용,,,,NNP,*,F,부담비용,*,*,*,*,*
후보자등의신분보장,,,,NNP,*,F,후보자등의신분보장,*,*,*,*,*
정당등록취소,,,,NNP,*,T,정당등록취소,*,*,*,*,*
사고,,,,NNP,*,T,사고,*,*,*,*,*
날인,,,,NNP,*,F,날인,*,*,*,*,*
보전비용의지출,,,,NNP,*,F,보전비용의지출,*,*,*,*,*
보전비용,,,,NNP,*,F,보전비용,*,*,*,*,*
사본작성비용,,,,NNP,*,F,사본작성비용,*,*,*,*,*
선임권자,,,,NNP,*,T,선임권자,*,*,*,*,*
반상회,,,,NNP,*,T,반상회,*,*,*,*,*
대통령권한대행자,,,,NNP,*,T,대통령권한대행자,*,*,*,*,*
구시군선거방송토론위원회간사,,,,NNP,*,T,구시군선거방송토론위원회간사,*,*,*,*,*
심사,,,,NNP,*,T,심사,*,*,*,*,*
감정서,,,,NNP,*,T,감정서,*,*,*,*,*
심리기일,,,,NNP,*,F,심리기일,*,*,*,*,*
원천징수,,,,NNP,*,T,원천징수,*,*,*,*,*
선거여론조사공정심의위원회위원,,,,NNP,*,F,선거여론조사공정심의위원회위원,*,*,*,*,*
정치자금예금계좌,,,,NNP,*,T,정치자금예금계좌,*,*,*,*,*
한국국제교류재단,,,,NNP,*,F,한국국제교류재단,*,*,*,*,*
재외국민,,,,NNP,*,F,재외국민,*,*,*,*,*
등록대상재산,,,,NNP,*,F,등록대상재산,*,*,*,*,*
범죄행위,,,,NNP,*,T,범죄행위,*,*,*,*,*
전자우편,,,,NNP,*,F,전자우편,*,*,*,*,*
압류,,,,NNP,*,T,압류,*,*,*,*,*
재외투표소투표록,,,,NNP,*,F,재외투표소투표록,*,*,*,*,*
기탁절차,,,,NNP,*,T,기탁절차,*,*,*,*,*
개표소,,,,NNP,*,T,개표소,*,*,*,*,*
재정신청,,,,NNP,*,F,재정신청,*,*,*,*,*
선거연수원장,,,,NNP,*,F,선거연수원장,*,*,*,*,*
선거연락소,,,,NNP,*,T,선거연락소,*,*,*,*,*
소선거구제,,,,NNP,*,T,소선거구제,*,*,*,*,*
선거관여,,,,NNP,*,T,선거관여,*,*,*,*,*
등록증,,,,NNP,*,F,등록증,*,*,*,*,*
낙선자,,,,NNP,*,T,낙선자,*,*,*,*,*
대담토론회,,,,NNP,*,T,대담토론회,*,*,*,*,*
도지사후보자,,,,NNP,*,T,도지사후보자,*,*,*,*,*
라디오연설,,,,NNP,*,F,라디오연설,*,*,*,*,*
정당등록,,,,NNP,*,F,정당등록,*,*,*,*,*
사과문,,,,NNP,*,F,사과문,*,*,*,*,*
신문사업자,,,,NNP,*,T,신문사업자,*,*,*,*,*
변론준비기일,,,,NNP,*,F,변론준비기일,*,*,*,*,*
변동신고서,,,,NNP,*,T,변동신고서,*,*,*,*,*
비용부담,,,,NNP,*,F,비용부담,*,*,*,*,*
선거관계비용,,,,NNP,*,F,선거관계비용,*,*,*,*,*
선거연수원,,,,NNP,*,F,선거연수원,*,*,*,*,*
경합범,,,,NNP,*,F,경합범,*,*,*,*,*
물형,,,,NNP,*,F,물형,*,*,*,*,*
씨족단체,,,,NNP,*,T,씨족단체,*,*,*,*,*
출연,,,,NNP,*,F,출연,*,*,*,*,*
선거사무일정표,,,,NNP,*,T,선거사무일정표,*,*,*,*,*
당내경선,,,,NNP,*,F,당내경선,*,*,*,*,*
국고귀속절차,,,,NNP,*,T,국고귀속절차,*,*,*,*,*
국회의원선거권,,,,NNP,*,F,국회의원선거권,*,*,*,*,*
공판절차,,,,NNP,*,T,공판절차,*,*,*,*,*
국외부재자신고인명부,,,,NNP,*,T,국외부재자신고인명부,*,*,*,*,*
부과,,,,NNP,*,T,부과,*,*,*,*,*
지역구국회의원예비후보자,,,,NNP,*,T,지역구국회의원예비후보자,*,*,*,*,*
선박원부,,,,NNP,*,T,선박원부,*,*,*,*,*
경선사무절차,,,,NNP,*,T,경선사무절차,*,*,*,*,*
전국적통일기호,,,,NNP,*,T,전국적통일기호,*,*,*,*,*
특수경력직공무원,,,,NNP,*,F,특수경력직공무원,*,*,*,*,*
비례대표제,,,,NNP,*,T,비례대표제,*,*,*,*,*
국세체납처분,,,,NNP,*,F,국세체납처분,*,*,*,*,*
소유권이전,,,,NNP,*,F,소유권이전,*,*,*,*,*
선거비용제한액,,,,NNP,*,F,선거비용제한액,*,*,*,*,*
납부,,,,NNP,*,T,납부,*,*,*,*,*
신고자신원관리,,,,NNP,*,T,신고자신원관리,*,*,*,*,*
구시군선거관리위원회,,,,NNP,*,T,구시군선거관리위원회,*,*,*,*,*
궐위,,,,NNP,*,T,궐위,*,*,*,*,*
투표용지인쇄원고,,,,NNP,*,T,투표용지인쇄원고,*,*,*,*,*
선거의자유방해죄,,,,NNP,*,T,선거의자유방해죄,*,*,*,*,*
정당활동의보장,,,,NNP,*,F,정당활동의보장,*,*,*,*,*
구시군의원선거구획정위원회위원장,,,,NNP,*,F,구시군의원선거구획정위원회위원장,*,*,*,*,*
배우자,,,,NNP,*,T,배우자,*,*,*,*,*
기권,,,,NNP,*,F,기권,*,*,*,*,*
방송시설명,,,,NNP,*,F,방송시설명,*,*,*,*,*
상정,,,,NNP,*,F,상정,*,*,*,*,*
전단형선거공보,,,,NNP,*,T,전단형선거공보,*,*,*,*,*
경선관리비용,,,,NNP,*,F,경선관리비용,*,*,*,*,*
보궐선거,,,,NNP,*,T,보궐선거,*,*,*,*,*
구시군의원선거구획정위원회,,,,NNP,*,T,구시군의원선거구획정위원회,*,*,*,*,*
친족의범위,,,,NNP,*,T,친족의범위,*,*,*,*,*
지역구자치구시군의회의원후보자,,,,NNP,*,T,지역구자치구시군의회의원후보자,*,*,*,*,*
당대표경선후보자등록마감일,,,,NNP,*,F,당대표경선후보자등록마감일,*,*,*,*,*
공동선임,,,,NNP,*,F,공동선임,*,*,*,*,*
상임위원,,,,NNP,*,F,상임위원,*,*,*,*,*
도의회의원선거구획정위원회,,,,NNP,*,T,도의회의원선거구획정위원회,*,*,*,*,*
사전투표소,,,,NNP,*,T,사전투표소,*,*,*,*,*
선거연락소장,,,,NNP,*,F,선거연락소장,*,*,*,*,*
의무해태죄,,,,NNP,*,T,의무해태죄,*,*,*,*,*
당내경선투표소설치단위,,,,NNP,*,T,당내경선투표소설치단위,*,*,*,*,*
선거방송토론위원회주관대담토론회,,,,NNP,*,T,선거방송토론위원회주관대담토론회,*,*,*,*,*
선거운동,,,,NNP,*,F,선거운동,*,*,*,*,*
차량부착용확성장치,,,,NNP,*,T,차량부착용확성장치,*,*,*,*,*
선거범죄선동죄,,,,NNP,*,T,선거범죄선동죄,*,*,*,*,*
전기통신,,,,NNP,*,F,전기통신,*,*,*,*,*
투표및개표록,,,,NNP,*,F,투표및개표록,*,*,*,*,*
선거운동기간,,,,NNP,*,F,선거운동기간,*,*,*,*,*
정정보도청구,,,,NNP,*,T,정정보도청구,*,*,*,*,*
불이익배제,,,,NNP,*,T,불이익배제,*,*,*,*,*
당대표경선사무관리,,,,NNP,*,T,당대표경선사무관리,*,*,*,*,*
당선인,,,,NNP,*,F,당선인,*,*,*,*,*
정당소멸,,,,NNP,*,F,정당소멸,*,*,*,*,*
이의신청결정,,,,NNP,*,F,이의신청결정,*,*,*,*,*
공명선거,,,,NNP,*,T,공명선거,*,*,*,*,*
투표함투입구,,,,NNP,*,T,투표함투입구,*,*,*,*,*
인영,,,,NNP,*,F,인영,*,*,*,*,*
비례대표시도의회의원선거,,,,NNP,*,T,비례대표시도의회의원선거,*,*,*,*,*
영사사무,,,,NNP,*,T,영사사무,*,*,*,*,*
피선거권상실,,,,NNP,*,F,피선거권상실,*,*,*,*,*
중앙선거여론조사공정심의위원회위원장,,,,NNP,*,F,중앙선거여론조사공정심의위원회위원장,*,*,*,*,*
영사관,,,,NNP,*,F,영사관,*,*,*,*,*
대통령선거경선후보자후원회,,,,NNP,*,T,대통령선거경선후보자후원회,*,*,*,*,*
차입금,,,,NNP,*,F,차입금,*,*,*,*,*
기부처,,,,NNP,*,T,기부처,*,*,*,*,*
장애인후보자,,,,NNP,*,T,장애인후보자,*,*,*,*,*
포상금의반환,,,,NNP,*,F,포상금의반환,*,*,*,*,*
당원경력,,,,NNP,*,F,당원경력,*,*,*,*,*
정책토론회,,,,NNP,*,T,정책토론회,*,*,*,*,*
이의신청기각,,,,NNP,*,F,이의신청기각,*,*,*,*,*
시장,,,,NNP,*,F,시장,*,*,*,*,*
소장,,,,NNP,*,F,소장,*,*,*,*,*
당대표경선후보자,,,,NNP,*,T,당대표경선후보자,*,*,*,*,*
납세의무자,,,,NNP,*,T,납세의무자,*,*,*,*,*
기록지보관함,,,,NNP,*,F,기록지보관함,*,*,*,*,*
선고유예,,,,NNP,*,T,선고유예,*,*,*,*,*
대집행비용,,,,NNP,*,F,대집행비용,*,*,*,*,*
유권자,,,,NNP,*,T,유권자,*,*,*,*,*
비례대표지방의회의원선거,,,,NNP,*,T,비례대표지방의회의원선거,*,*,*,*,*
사유발생일,,,,NNP,*,F,사유발생일,*,*,*,*,*
수탁,,,,NNP,*,F,수탁,*,*,*,*,*
백서,,,,NNP,*,T,백서,*,*,*,*,*
수입지출총괄표,,,,NNP,*,T,수입지출총괄표,*,*,*,*,*
주소,,,,NNP,*,T,주소,*,*,*,*,*
선거소청심의,,,,NNP,*,T,선거소청심의,*,*,*,*,*
방송토론초청대상후보자,,,,NNP,*,T,방송토론초청대상후보자,*,*,*,*,*
지방자치단체선거관리경비,,,,NNP,*,T,지방자치단체선거관리경비,*,*,*,*,*
보칙,,,,NNP,*,F,보칙,*,*,*,*,*
검증,,,,NNP,*,F,검증,*,*,*,*,*
법인,,,,NNP,*,F,법인,*,*,*,*,*
지방자치단체장후보자,,,,NNP,*,T,지방자치단체장후보자,*,*,*,*,*
공영방송사,,,,NNP,*,T,공영방송사,*,*,*,*,*
합동방송연설회,,,,NNP,*,T,합동방송연설회,*,*,*,*,*
경선후보자등록신청,,,,NNP,*,F,경선후보자등록신청,*,*,*,*,*
병역의무기간,,,,NNP,*,F,병역의무기간,*,*,*,*,*
피선거권,,,,NNP,*,F,피선거권,*,*,*,*,*
상고,,,,NNP,*,T,상고,*,*,*,*,*
이월금,,,,NNP,*,F,이월금,*,*,*,*,*
시도선거여론조사공정심의위원회위원,,,,NNP,*,F,시도선거여론조사공정심의위원회위원,*,*,*,*,*
현행범인,,,,NNP,*,F,현행범인,*,*,*,*,*
선거관리,,,,NNP,*,T,선거관리,*,*,*,*,*
재적위원과반수,,,,NNP,*,T,재적위원과반수,*,*,*,*,*
자료제출요구권,,,,NNP,*,F,자료제출요구권,*,*,*,*,*
공관사무소,,,,NNP,*,T,공관사무소,*,*,*,*,*
수뢰,,,,NNP,*,T,수뢰,*,*,*,*,*
기부자,,,,NNP,*,T,기부자,*,*,*,*,*
지방자치단체,,,,NNP,*,T,지방자치단체,*,*,*,*,*
순환배열방식,,,,NNP,*,F,순환배열방식,*,*,*,*,*
선거사무,,,,NNP,*,T,선거사무,*,*,*,*,*
후원회의모금한도액,,,,NNP,*,F,후원회의모금한도액,*,*,*,*,*
대표자,,,,NNP,*,T,대표자,*,*,*,*,*
연락소,,,,NNP,*,T,연락소,*,*,*,*,*
기명투표,,,,NNP,*,T,기명투표,*,*,*,*,*
선거사무원,,,,NNP,*,F,선거사무원,*,*,*,*,*
요양보상,,,,NNP,*,F,요양보상,*,*,*,*,*
지방자치단체장예비후보자,,,,NNP,*,T,지방자치단체장예비후보자,*,*,*,*,*
보좌관,,,,NNP,*,F,보좌관,*,*,*,*,*
균등분할,,,,NNP,*,F,균등분할,*,*,*,*,*
지역구지방의회의원,,,,NNP,*,F,지역구지방의회의원,*,*,*,*,*
비밀투표,,,,NNP,*,T,비밀투표,*,*,*,*,*
병적증명서,,,,NNP,*,T,병적증명서,*,*,*,*,*
교육경력,,,,NNP,*,F,교육경력,*,*,*,*,*
사표,,,,NNP,*,T,사표,*,*,*,*,*
부위원장,,,,NNP,*,F,부위원장,*,*,*,*,*
개표록,,,,NNP,*,F,개표록,*,*,*,*,*
선거비용초과지출,,,,NNP,*,F,선거비용초과지출,*,*,*,*,*
당원자격,,,,NNP,*,F,당원자격,*,*,*,*,*
재외투표의회송,,,,NNP,*,F,재외투표의회송,*,*,*,*,*
공약,,,,NNP,*,F,공약,*,*,*,*,*
위법,,,,NNP,*,F,위법,*,*,*,*,*
열람,,,,NNP,*,F,열람,*,*,*,*,*
입당신청,,,,NNP,*,F,입당신청,*,*,*,*,*
공범,,,,NNP,*,F,공범,*,*,*,*,*
공제명세서,,,,NNP,*,T,공제명세서,*,*,*,*,*
선거여론조사공정심의위원회,,,,NNP,*,T,선거여론조사공정심의위원회,*,*,*,*,*
기표용구,,,,NNP,*,T,기표용구,*,*,*,*,*
비영리단체,,,,NNP,*,T,비영리단체,*,*,*,*,*
행렬,,,,NNP,*,F,행렬,*,*,*,*,*
신원조회,,,,NNP,*,T,신원조회,*,*,*,*,*
대의민주주의,,,,NNP,*,T,대의민주주의,*,*,*,*,*
참가인,,,,NNP,*,F,참가인,*,*,*,*,*
9선,,,,NNP,*,F,9선,*,*,*,*,*
유효투표,,,,NNP,*,T,유효투표,*,*,*,*,*
시도선거관리위원회위원장,,,,NNP,*,F,시도선거관리위원회위원장,*,*,*,*,*
면제,,,,NNP,*,T,면제,*,*,*,*,*
전화자동응답장치,,,,NNP,*,T,전화자동응답장치,*,*,*,*,*
기부금품,,,,NNP,*,F,기부금품,*,*,*,*,*
사생활비방,,,,NNP,*,F,사생활비방,*,*,*,*,*
국제선거참관단,,,,NNP,*,F,국제선거참관단,*,*,*,*,*
사회자,,,,NNP,*,T,사회자,*,*,*,*,*
정치자금,,,,NNP,*,F,정치자금,*,*,*,*,*
감경기준,,,,NNP,*,F,감경기준,*,*,*,*,*
지방선거,,,,NNP,*,T,지방선거,*,*,*,*,*
납부기한,,,,NNP,*,F,납부기한,*,*,*,*,*
이월결손금,,,,NNP,*,F,이월결손금,*,*,*,*,*
읍면동선거관리위원회간사,,,,NNP,*,T,읍면동선거관리위원회간사,*,*,*,*,*
명부누락자구제,,,,NNP,*,T,명부누락자구제,*,*,*,*,*
국제특급우편,,,,NNP,*,F,국제특급우편,*,*,*,*,*
지역구시도의회의원,,,,NNP,*,F,지역구시도의회의원,*,*,*,*,*
개표종료,,,,NNP,*,T,개표종료,*,*,*,*,*
알선,,,,NNP,*,F,알선,*,*,*,*,*
병역법,,,,NNP,*,F,병역법,*,*,*,*,*
연기,,,,NNP,*,T,연기,*,*,*,*,*
선거인,,,,NNP,*,F,선거인,*,*,*,*,*
심사의결서,,,,NNP,*,T,심사의결서,*,*,*,*,*
담합,,,,NNP,*,F,담합,*,*,*,*,*
권리행사,,,,NNP,*,T,권리행사,*,*,*,*,*
고소,,,,NNP,*,T,고소,*,*,*,*,*
분류기운영부,,,,NNP,*,T,분류기운영부,*,*,*,*,*
범죄경력,,,,NNP,*,F,범죄경력,*,*,*,*,*
광역의원,,,,NNP,*,F,광역의원,*,*,*,*,*
지역구국회의원후보자후원회,,,,NNP,*,T,지역구국회의원후보자후원회,*,*,*,*,*
교육의원,,,,NNP,*,F,교육의원,*,*,*,*,*
보도,,,,NNP,*,T,보도,*,*,*,*,*
비례대표자치구시군의원,,,,NNP,*,F,비례대표자치구시군의원,*,*,*,*,*
각하,,,,NNP,*,T,각하,*,*,*,*,*
비초청대상후보자,,,,NNP,*,T,비초청대상후보자,*,*,*,*,*
대통령예비후보자후원회,,,,NNP,*,T,대통령예비후보자후원회,*,*,*,*,*
구시군선거방송토론위원회,,,,NNP,*,T,구시군선거방송토론위원회,*,*,*,*,*
교육감,,,,NNP,*,F,교육감,*,*,*,*,*
개소식,,,,NNP,*,F,개소식,*,*,*,*,*
방송망,,,,NNP,*,F,방송망,*,*,*,*,*
수입,,,,NNP,*,F,수입,*,*,*,*,*
연고,,,,NNP,*,T,연고,*,*,*,*,*
선거범죄,,,,NNP,*,T,선거범죄,*,*,*,*,*
유사기관,,,,NNP,*,F,유사기관,*,*,*,*,*
동의서,,,,NNP,*,T,동의서,*,*,*,*,*
입당강요,,,,NNP,*,T,입당강요,*,*,*,*,*
훼손,,,,NNP,*,F,훼손,*,*,*,*,*
선거범죄혐의,,,,NNP,*,T,선거범죄혐의,*,*,*,*,*
국정조사,,,,NNP,*,T,국정조사,*,*,*,*,*
유기징역,,,,NNP,*,F,유기징역,*,*,*,*,*
공사의직,,,,NNP,*,F,공사의직,*,*,*,*,*
신원관리카드,,,,NNP,*,T,신원관리카드,*,*,*,*,*
행정시장,,,,NNP,*,F,행정시장,*,*,*,*,*
공무원여비규정,,,,NNP,*,F,공무원여비규정,*,*,*,*,*
입당원서접수거부,,,,NNP,*,T,입당원서접수거부,*,*,*,*,*
후보자별득표수,,,,NNP,*,T,후보자별득표수,*,*,*,*,*
이해유도죄,,,,NNP,*,T,이해유도죄,*,*,*,*,*
선상투표신고인명부,,,,NNP,*,T,선상투표신고인명부,*,*,*,*,*
선거운동의상대방,,,,NNP,*,F,선거운동의상대방,*,*,*,*,*
강령,,,,NNP,*,F,강령,*,*,*,*,*
불법정치자금,,,,NNP,*,F,불법정치자금,*,*,*,*,*
실시경비,,,,NNP,*,T,실시경비,*,*,*,*,*
네온사인,,,,NNP,*,F,네온사인,*,*,*,*,*
활동보조인,,,,NNP,*,F,활동보조인,*,*,*,*,*
관여,,,,NNP,*,T,관여,*,*,*,*,*
선거총람,,,,NNP,*,F,선거총람,*,*,*,*,*
창당준비위원회,,,,NNP,*,T,창당준비위원회,*,*,*,*,*
재외선거관리위원회,,,,NNP,*,T,재외선거관리위원회,*,*,*,*,*
투표절차,,,,NNP,*,T,투표절차,*,*,*,*,*
생산자물가지수변동률,,,,NNP,*,F,생산자물가지수변동률,*,*,*,*,*
계도경비,,,,NNP,*,T,계도경비,*,*,*,*,*
반론보도청구,,,,NNP,*,T,반론보도청구,*,*,*,*,*
위력,,,,NNP,*,F,위력,*,*,*,*,*
발기의취지,,,,NNP,*,T,발기의취지,*,*,*,*,*
발효,,,,NNP,*,T,발효,*,*,*,*,*
양당구조,,,,NNP,*,T,양당구조,*,*,*,*,*
방송시설이용계약,,,,NNP,*,F,방송시설이용계약,*,*,*,*,*
국회의원선거구획정위원회,,,,NNP,*,T,국회의원선거구획정위원회,*,*,*,*,*
사형,,,,NNP,*,F,사형,*,*,*,*,*
시각장애인,,,,NNP,*,F,시각장애인,*,*,*,*,*
행정리,,,,NNP,*,T,행정리,*,*,*,*,*
개표종료시,,,,NNP,*,T,개표종료시,*,*,*,*,*
정당재정,,,,NNP,*,F,정당재정,*,*,*,*,*
선거경비,,,,NNP,*,T,선거경비,*,*,*,*,*
창당,,,,NNP,*,F,창당,*,*,*,*,*
무대설치비,,,,NNP,*,T,무대설치비,*,*,*,*,*
좌담회,,,,NNP,*,T,좌담회,*,*,*,*,*
지상파방송사업자,,,,NNP,*,T,지상파방송사업자,*,*,*,*,*
대합실,,,,NNP,*,F,대합실,*,*,*,*,*
기명,,,,NNP,*,F,기명,*,*,*,*,*
옥내,,,,NNP,*,T,옥내,*,*,*,*,*
동시선거,,,,NNP,*,T,동시선거,*,*,*,*,*
범죄수사,,,,NNP,*,T,범죄수사,*,*,*,*,*
당대표경선사무절차,,,,NNP,*,T,당대표경선사무절차,*,*,*,*,*
선거기간개시일,,,,NNP,*,F,선거기간개시일,*,*,*,*,*
중앙선거여론조사공정심의위원회,,,,NNP,*,T,중앙선거여론조사공정심의위원회,*,*,*,*,*
당선인결정의착오,,,,NNP,*,T,당선인결정의착오,*,*,*,*,*
부과기준금액,,,,NNP,*,F,부과기준금액,*,*,*,*,*
감가상각,,,,NNP,*,F,감가상각,*,*,*,*,*
재산및수입지출내역,,,,NNP,*,F,재산및수입지출내역,*,*,*,*,*
소득세,,,,NNP,*,T,소득세,*,*,*,*,*
동창회,,,,NNP,*,T,동창회,*,*,*,*,*
대중교통수단,,,,NNP,*,F,대중교통수단,*,*,*,*,*
미성년자,,,,NNP,*,T,미성년자,*,*,*,*,*
반송,,,,NNP,*,F,반송,*,*,*,*,*
공공단체의선거,,,,NNP,*,T,공공단체의선거,*,*,*,*,*
선거실시가능기간,,,,NNP,*,F,선거실시가능기간,*,*,*,*,*
공인전자서명,,,,NNP,*,F,공인전자서명,*,*,*,*,*
선거방송심의위원회,,,,NNP,*,T,선거방송심의위원회,*,*,*,*,*
새마을운동협의회,,,,NNP,*,T,새마을운동협의회,*,*,*,*,*
의석정수,,,,NNP,*,T,의석정수,*,*,*,*,*
국내거소신고인명부,,,,NNP,*,T,국내거소신고인명부,*,*,*,*,*
창당승인,,,,NNP,*,F,창당승인,*,*,*,*,*
구속,,,,NNP,*,F,구속,*,*,*,*,*
선거일전일,,,,NNP,*,F,선거일전일,*,*,*,*,*
전문가격조사기관,,,,NNP,*,F,전문가격조사기관,*,*,*,*,*
공인,,,,NNP,*,F,공인,*,*,*,*,*
기탁금,,,,NNP,*,F,기탁금,*,*,*,*,*
위원,,,,NNP,*,F,위원,*,*,*,*,*
정치자금범죄신고자등신원관리카드,,,,NNP,*,T,정치자금범죄신고자등신원관리카드,*,*,*,*,*
면직,,,,NNP,*,F,면직,*,*,*,*,*
신청,,,,NNP,*,F,신청,*,*,*,*,*
관람석,,,,NNP,*,F,관람석,*,*,*,*,*
강제징수,,,,NNP,*,T,강제징수,*,*,*,*,*
법안,,,,NNP,*,F,법안,*,*,*,*,*
재보궐선거실시사유,,,,NNP,*,T,재보궐선거실시사유,*,*,*,*,*
감손,,,,NNP,*,F,감손,*,*,*,*,*
검인,,,,NNP,*,F,검인,*,*,*,*,*
보통선거,,,,NNP,*,T,보통선거,*,*,*,*,*
전산조직에의한투표개표,,,,NNP,*,T,전산조직에의한투표개표,*,*,*,*,*
근로일수,,,,NNP,*,T,근로일수,*,*,*,*,*
일부무효,,,,NNP,*,T,일부무효,*,*,*,*,*
공시,,,,NNP,*,T,공시,*,*,*,*,*
유효투표총수,,,,NNP,*,T,유효투표총수,*,*,*,*,*
소멸,,,,NNP,*,F,소멸,*,*,*,*,*
실비,,,,NNP,*,T,실비,*,*,*,*,*
재외선거관리위원회위원,,,,NNP,*,F,재외선거관리위원회위원,*,*,*,*,*
자막방송,,,,NNP,*,F,자막방송,*,*,*,*,*
선거인명부등재번호,,,,NNP,*,T,선거인명부등재번호,*,*,*,*,*
수의계약,,,,NNP,*,F,수의계약,*,*,*,*,*
재선,,,,NNP,*,F,재선,*,*,*,*,*
정당회계책임자,,,,NNP,*,T,정당회계책임자,*,*,*,*,*
사업설명회,,,,NNP,*,T,사업설명회,*,*,*,*,*
당대표경선투개표관리위원회,,,,NNP,*,T,당대표경선투개표관리위원회,*,*,*,*,*
장애인추천,,,,NNP,*,F,장애인추천,*,*,*,*,*
투표지,,,,NNP,*,T,투표지,*,*,*,*,*
투표함의봉쇄봉인,,,,NNP,*,F,투표함의봉쇄봉인,*,*,*,*,*
당대표경선사무일정,,,,NNP,*,F,당대표경선사무일정,*,*,*,*,*
합당,,,,NNP,*,F,합당,*,*,*,*,*
유인,,,,NNP,*,F,유인,*,*,*,*,*
당대표경선집계록,,,,NNP,*,F,당대표경선집계록,*,*,*,*,*
변제,,,,NNP,*,T,변제,*,*,*,*,*
직계존속,,,,NNP,*,F,직계존속,*,*,*,*,*
재심청구,,,,NNP,*,T,재심청구,*,*,*,*,*
등록의취소,,,,NNP,*,T,등록의취소,*,*,*,*,*
배정,,,,NNP,*,F,배정,*,*,*,*,*
근로소득금액,,,,NNP,*,F,근로소득금액,*,*,*,*,*
중앙선거관리위원회위원,,,,NNP,*,F,중앙선거관리위원회위원,*,*,*,*,*
응답율,,,,NNP,*,F,응답율,*,*,*,*,*
부가가치세액,,,,NNP,*,F,부가가치세액,*,*,*,*,*
소송경비,,,,NNP,*,T,소송경비,*,*,*,*,*
방송통신,,,,NNP,*,F,방송통신,*,*,*,*,*
방송학계,,,,NNP,*,T,방송학계,*,*,*,*,*
식품접객영업소,,,,NNP,*,T,식품접객영업소,*,*,*,*,*
국정감사,,,,NNP,*,T,국정감사,*,*,*,*,*
선거권자의후보자추천,,,,NNP,*,F,선거권자의후보자추천,*,*,*,*,*
발의,,,,NNP,*,T,발의,*,*,*,*,*
거부권,,,,NNP,*,F,거부권,*,*,*,*,*
당간부회의,,,,NNP,*,T,당간부회의,*,*,*,*,*
공무담임권,,,,NNP,*,F,공무담임권,*,*,*,*,*
자수자,,,,NNP,*,T,자수자,*,*,*,*,*
피해구제,,,,NNP,*,T,피해구제,*,*,*,*,*
당내경선투표시간,,,,NNP,*,F,당내경선투표시간,*,*,*,*,*
투표위조증감죄,,,,NNP,*,T,투표위조증감죄,*,*,*,*,*
임기만료일,,,,NNP,*,F,임기만료일,*,*,*,*,*
대담토론자,,,,NNP,*,T,대담토론자,*,*,*,*,*
세대수,,,,NNP,*,T,세대수,*,*,*,*,*
당비납부,,,,NNP,*,T,당비납부,*,*,*,*,*
재외투표용지,,,,NNP,*,T,재외투표용지,*,*,*,*,*
선거,,,,NNP,*,T,선거,*,*,*,*,*
기부내역,,,,NNP,*,F,기부내역,*,*,*,*,*
게시판,,,,NNP,*,F,게시판,*,*,*,*,*
세종특별자치시,,,,NNP,*,T,세종특별자치시,*,*,*,*,*
국민운동단체,,,,NNP,*,T,국민운동단체,*,*,*,*,*
보도전문편성,,,,NNP,*,F,보도전문편성,*,*,*,*,*
정치자금수입지출부,,,,NNP,*,T,정치자금수입지출부,*,*,*,*,*
공직후보자재산신고서,,,,NNP,*,T,공직후보자재산신고서,*,*,*,*,*
개인정견발표회,,,,NNP,*,T,개인정견발표회,*,*,*,*,*
국민투표소송경비,,,,NNP,*,T,국민투표소송경비,*,*,*,*,*
분철,,,,NNP,*,F,분철,*,*,*,*,*
신설합당,,,,NNP,*,F,신설합당,*,*,*,*,*
창당대회,,,,NNP,*,T,창당대회,*,*,*,*,*
다당제,,,,NNP,*,T,다당제,*,*,*,*,*
보조금의잔액반환,,,,NNP,*,F,보조금의잔액반환,*,*,*,*,*
시도지사후보자,,,,NNP,*,T,시도지사후보자,*,*,*,*,*
사적경비,,,,NNP,*,T,사적경비,*,*,*,*,*
임기제공무원,,,,NNP,*,F,임기제공무원,*,*,*,*,*
보조금의계상,,,,NNP,*,F,보조금의계상,*,*,*,*,*
인터넷광고,,,,NNP,*,T,인터넷광고,*,*,*,*,*
국회의원선거구,,,,NNP,*,T,국회의원선거구,*,*,*,*,*
후보자사퇴,,,,NNP,*,T,후보자사퇴,*,*,*,*,*
기부행위제한,,,,NNP,*,F,기부행위제한,*,*,*,*,*
고위공무원단,,,,NNP,*,F,고위공무원단,*,*,*,*,*
평등선거,,,,NNP,*,T,평등선거,*,*,*,*,*
중앙선거여론조사공정심의위원회사무국,,,,NNP,*,F,중앙선거여론조사공정심의위원회사무국,*,*,*,*,*
인터넷선거보도심의위원회위원장,,,,NNP,*,F,인터넷선거보도심의위원회위원장,*,*,*,*,*
대리투표,,,,NNP,*,T,대리투표,*,*,*,*,*
선거사무관계자,,,,NNP,*,T,선거사무관계자,*,*,*,*,*
국외선거운동,,,,NNP,*,F,국외선거운동,*,*,*,*,*
세종특별자치시교육감,,,,NNP,*,F,세종특별자치시교육감,*,*,*,*,*
세종특별자치시의회,,,,NNP,*,T,세종특별자치시의회,*,*,*,*,*
대리인,,,,NNP,*,F,대리인,*,*,*,*,*
공약실천사항,,,,NNP,*,F,공약실천사항,*,*,*,*,*
시도선거관리위원회,,,,NNP,*,T,시도선거관리위원회,*,*,*,*,*
납기일,,,,NNP,*,F,납기일,*,*,*,*,*
방송제작비용,,,,NNP,*,F,방송제작비용,*,*,*,*,*
후원회의존속결의,,,,NNP,*,T,후원회의존속결의,*,*,*,*,*
소란행위,,,,NNP,*,T,소란행위,*,*,*,*,*
소환사유,,,,NNP,*,T,소환사유,*,*,*,*,*
반환기탁금의국고귀속절차,,,,NNP,*,T,반환기탁금의국고귀속절차,*,*,*,*,*
당내경선사무,,,,NNP,*,T,당내경선사무,*,*,*,*,*
교섭단체,,,,NNP,*,T,교섭단체,*,*,*,*,*
선거운동사무원,,,,NNP,*,F,선거운동사무원,*,*,*,*,*
대선,,,,NNP,*,F,대선,*,*,*,*,*
방송광고판매대행,,,,NNP,*,F,방송광고판매대행,*,*,*,*,*
정당선거사무소,,,,NNP,*,T,정당선거사무소,*,*,*,*,*
논평,,,,NNP,*,F,논평,*,*,*,*,*
기부,,,,NNP,*,T,기부,*,*,*,*,*
사인,,,,NNP,*,F,사인,*,*,*,*,*
자백간주,,,,NNP,*,T,자백간주,*,*,*,*,*
영주체류자격,,,,NNP,*,F,영주체류자격,*,*,*,*,*
당대표,,,,NNP,*,T,당대표,*,*,*,*,*
자치구시군의장선거,,,,NNP,*,T,자치구시군의장선거,*,*,*,*,*
선임신고,,,,NNP,*,T,선임신고,*,*,*,*,*
개표절차,,,,NNP,*,T,개표절차,*,*,*,*,*
재적증명서,,,,NNP,*,T,재적증명서,*,*,*,*,*
중앙선거관리위원회사무처,,,,NNP,*,T,중앙선거관리위원회사무처,*,*,*,*,*
결성신고일,,,,NNP,*,F,결성신고일,*,*,*,*,*
전국용무료승차권,,,,NNP,*,F,전국용무료승차권,*,*,*,*,*
후원인,,,,NNP,*,F,후원인,*,*,*,*,*
긴급체포,,,,NNP,*,T,긴급체포,*,*,*,*,*
지역구국회의원예비후보자후원회,,,,NNP,*,T,지역구국회의원예비후보자후원회,*,*,*,*,*
국고귀속대상,,,,NNP,*,F,국고귀속대상,*,*,*,*,*
교섭단체정책연구위원,,,,NNP,*,F,교섭단체정책연구위원,*,*,*,*,*
공시가격,,,,NNP,*,F,공시가격,*,*,*,*,*
무효투표,,,,NNP,*,T,무효투표,*,*,*,*,*
익명기부,,,,NNP,*,T,익명기부,*,*,*,*,*
신용정보업자,,,,NNP,*,T,신용정보업자,*,*,*,*,*
선거에영향을미치는행위,,,,NNP,*,T,선거에영향을미치는행위,*,*,*,*,*
선거방송심의위원회위원장,,,,NNP,*,F,선거방송심의위원회위원장,*,*,*,*,*
모사전송,,,,NNP,*,F,모사전송,*,*,*,*,*
등록마감,,,,NNP,*,F,등록마감,*,*,*,*,*
선거운동기구,,,,NNP,*,T,선거운동기구,*,*,*,*,*
공소장,,,,NNP,*,F,공소장,*,*,*,*,*
발기인,,,,NNP,*,F,발기인,*,*,*,*,*
의제설정,,,,NNP,*,F,의제설정,*,*,*,*,*
지방자치단체장후보자후원회,,,,NNP,*,T,지방자치단체장후보자후원회,*,*,*,*,*
대한민국재외공관,,,,NNP,*,F,대한민국재외공관,*,*,*,*,*
고지벽보,,,,NNP,*,T,고지벽보,*,*,*,*,*
관할구역안,,,,NNP,*,F,관할구역안,*,*,*,*,*
경선집계록,,,,NNP,*,F,경선집계록,*,*,*,*,*
선거보도,,,,NNP,*,T,선거보도,*,*,*,*,*
읍면동선거관리위원회위원,,,,NNP,*,F,읍면동선거관리위원회위원,*,*,*,*,*
산입,,,,NNP,*,F,산입,*,*,*,*,*
전자투표및개표,,,,NNP,*,T,전자투표및개표,*,*,*,*,*
교란,,,,NNP,*,F,교란,*,*,*,*,*
정당의자진해산,,,,NNP,*,F,정당의자진해산,*,*,*,*,*
유효기간,,,,NNP,*,F,유효기간,*,*,*,*,*
사위등재,,,,NNP,*,T,사위등재,*,*,*,*,*
국적보유신고사실증명서,,,,NNP,*,T,국적보유신고사실증명서,*,*,*,*,*
일반투표함,,,,NNP,*,F,일반투표함,*,*,*,*,*
